ID_Venta,Fecha venta,ID_producto,ID_Zona,Venta,ID_Vendedor,ID_Cliente
1,42367,1,1,2133903,42,3
2,42367,2,2,1945424,5,1
3,42367,3,2,712416,20,10
4,42368,1,2,1815450,30,9
5,42368,4,3,1138024,41,8
6,42369,5,2,953156,18,3
7,42369,1,3,406686,36,9
8,42369,3,2,2158475,21,6
9,42370,6,1,1024380,13,10
10,42370,1,1,2042768,43,7
11,42370,3,2,627068,5,8
12,42370,5,2,999328,30,2
13,42370,1,4,2937300,28,5
14,42370,2,3,664700,15,6
15,42370,5,2,820336,5,1
16,42371,4,2,937960,17,4
17,42371,7,3,358846,16,3
18,42372,4,4,1679605,6,3
19,42373,6,2,472615,39,3
20,42374,3,4,1169496,19,3
21,42375,5,4,2020992,38,10
22,42375,3,1,727552,14,10
23,42376,4,2,1438929,4,8
24,42376,3,3,427390,45,2
25,42376,3,4,1170684,4,8
26,42376,2,3,549780,12,4
27,42377,2,3,659330,38,4
28,42378,4,4,1660560,41,8
29,42378,4,3,753571,43,1
30,42378,2,3,939072,31,5
31,42379,5,4,1405374,46,6
32,42379,7,2,627348,1,5
33,42381,2,4,1504110,29,1
34,42381,4,4,2483197,29,3
35,42381,5,3,1799771,13,9
36,42382,5,3,1054340,6,2
37,42382,2,2,1160572,43,6
38,42383,4,3,1492800,30,1
39,42384,1,3,1154980,7,5
40,42384,3,2,1057784,9,2
41,42384,6,4,1421860,36,3
42,42385,3,3,1426992,44,4
43,42385,3,2,579716,31,5
44,42385,4,2,1537062,32,8
45,42386,3,4,2851058,22,5
46,42386,3,1,1294048,22,1
47,42386,6,4,249418,13,10
48,42386,5,4,1457488,35,3
49,42386,2,2,321680,46,2
50,42386,2,3,957625,31,2
51,42386,5,1,568620,27,2
52,42388,2,1,1605564,33,10
53,42388,4,3,1438748,45,4
54,42388,4,4,686996,42,3
55,42388,2,2,983234,39,8
56,42389,6,1,239220,11,2
57,42389,3,1,512730,15,1
58,42390,2,2,2287626,29,2
59,42390,5,3,1373816,3,4
60,42390,3,1,1920240,2,9
61,42390,4,3,1140840,40,7
62,42390,5,3,1142938,22,8
63,42391,6,4,738144,30,3
64,42392,5,1,509010,40,9
65,42392,3,3,1436832,38,5
66,42393,4,1,2119424,38,10
67,42393,5,4,948927,11,2
68,42393,2,4,376992,13,9
69,42393,2,2,2212408,32,5
70,42394,4,3,1647695,39,9
71,42394,4,2,1939925,15,6
72,42394,4,3,1478952,14,3
73,42394,1,4,320044,3,10
74,42395,5,2,1098055,47,3
75,42395,4,3,187862,25,5
76,42395,4,3,1757106,26,6
77,42396,5,3,1104992,3,6
78,42397,6,1,448485,16,1
79,42397,1,4,2520484,25,1
80,42397,1,4,1339107,23,3
81,42398,5,4,1812244,14,6
82,42399,1,2,1069731,15,10
83,42399,4,1,471072,34,8
84,42399,6,4,470940,41,10
85,42399,2,4,925322,19,10
86,42400,6,2,2141700,36,1
87,42400,5,4,778875,32,10
88,42400,1,3,421196,24,1
89,42401,2,4,219716,30,1
90,42401,4,2,2685816,1,4
91,42401,5,4,723609,24,7
92,42402,6,4,388032,8,9
93,42402,5,3,922020,11,10
94,42403,5,4,965358,18,7
95,42403,2,4,663816,22,5
96,42404,5,3,728931,8,6
97,42404,4,3,625536,25,5
98,42404,7,1,1467782,47,5
99,42404,5,2,2067236,11,6
100,42405,2,3,531375,45,3
101,42405,4,2,710694,37,8
102,42405,2,4,438435,16,8
103,42405,4,2,1188090,9,4
104,42406,3,3,699400,16,2
105,42407,6,2,1854496,40,6
106,42407,6,1,2105700,15,5
107,42407,4,2,1791318,44,9
108,42409,4,3,1782297,20,6
109,42409,4,4,1528200,45,1
110,42409,1,4,1587642,5,8
111,42410,4,3,954666,12,1
112,42410,2,1,1064800,2,7
113,42410,4,4,887241,30,7
114,42411,4,2,806799,33,5
115,42411,5,3,438750,23,9
116,42412,1,2,973659,37,3
117,42412,3,2,1724008,30,6
118,42412,3,2,2047276,1,2
119,42413,1,1,307989,47,4
120,42413,6,3,973878,12,2
121,42414,1,4,688864,30,7
122,42414,4,4,1385910,9,6
123,42414,2,2,1461356,49,1
124,42415,4,3,926228,18,8
125,42416,5,2,1067192,8,4
126,42416,5,3,1373132,49,6
127,42417,5,4,1087119,20,3
128,42417,4,3,1230190,40,2
129,42418,1,1,1363926,49,10
130,42418,3,3,1389096,16,1
131,42418,2,1,477345,41,8
132,42418,3,3,1268630,35,8
133,42419,4,3,391964,15,3
134,42419,3,3,1765225,4,3
135,42419,2,1,229455,45,4
136,42420,3,1,624435,1,1
137,42420,4,4,686154,27,10
138,42421,5,2,678480,11,1
139,42423,2,3,533925,46,8
140,42423,6,4,1076034,41,4
141,42424,4,4,455477,25,6
142,42424,3,3,1128156,10,5
143,42424,3,3,1310520,41,2
144,42425,1,4,782870,2,1
145,42425,6,2,315550,12,4
146,42425,1,2,2028970,14,4
147,42425,1,4,734388,47,2
148,42425,2,4,779241,1,1
149,42426,6,1,1492506,32,10
150,42427,4,1,1800516,35,4
151,42427,3,1,1259904,30,2
152,42428,3,3,1063648,40,2
153,42428,6,1,434656,35,5
154,42428,5,1,508924,35,5
155,42429,4,2,1403595,24,9
156,42429,4,2,1561432,19,2
157,42429,3,3,1891932,31,4
158,42429,7,1,731700,21,7
159,42430,2,1,563178,36,9
160,42430,4,3,875228,45,7
161,42430,4,3,1305480,25,10
162,42431,6,1,1361675,3,5
163,42431,2,3,1161090,10,2
164,42431,3,2,1395681,28,10
165,42431,5,3,1001104,31,8
166,42432,3,3,2275500,45,3
167,42432,1,2,1370759,42,5
168,42432,4,1,1842035,44,2
169,42433,5,4,2080078,7,6
170,42434,4,1,597286,47,9
171,42434,4,2,1358640,18,6
172,42434,6,3,558252,45,8
173,42435,3,2,2400476,45,4
174,42435,6,1,1131416,49,6
175,42436,2,4,416936,1,5
176,42436,5,1,1658835,13,2
177,42437,4,3,1431012,9,8
178,42437,2,3,513300,7,5
179,42438,5,4,848328,16,6
180,42438,4,3,1874928,27,6
181,42438,3,3,367584,43,6
182,42439,2,3,1323054,42,2
183,42440,2,2,1446522,31,6
184,42440,4,3,1447992,15,1
185,42441,5,4,2109930,46,7
186,42442,7,2,779868,2,1
187,42442,2,4,919030,41,4
188,42442,7,1,537264,40,4
189,42443,1,2,1261600,13,9
190,42443,1,1,448210,21,2
191,42444,4,3,431325,20,10
192,42444,2,2,553616,49,4
193,42444,4,3,453651,22,5
194,42445,2,2,986895,24,10
195,42445,6,2,250852,44,7
196,42446,6,4,1336717,38,1
197,42446,6,3,519738,45,9
198,42447,3,2,720882,20,1
199,42447,3,1,842343,17,4
200,42448,1,3,2108343,45,7
201,42448,1,2,1050985,45,3
202,42448,6,2,298272,23,4
203,42448,2,2,902798,28,1
204,42449,2,4,692180,7,4
205,42449,2,2,2002392,24,7
206,42449,6,1,2253500,28,9
207,42449,6,1,1338124,38,10
208,42449,7,1,1369680,15,10
209,42450,1,1,1643948,39,5
210,42450,3,1,1297594,43,10
211,42451,1,4,2134246,24,3
212,42451,7,4,492156,13,4
213,42452,4,1,1932518,13,1
214,42452,5,2,1385011,47,6
215,42453,1,2,1219158,29,1
216,42453,5,3,1494892,20,5
217,42454,5,1,1398600,32,1
218,42455,4,3,461435,26,3
219,42455,5,2,351256,23,6
220,42456,5,1,1042283,41,5
221,42456,7,4,474600,4,3
222,42456,2,2,420660,45,7
223,42457,4,2,489924,39,6
224,42457,3,3,1032000,30,10
225,42458,1,4,1069320,12,5
226,42458,2,3,1133132,28,7
227,42458,7,1,1670965,15,3
228,42458,2,2,2010619,31,5
229,42458,3,3,739206,33,7
230,42459,3,3,1382166,11,9
231,42460,2,4,665951,40,7
232,42460,3,3,1479548,45,6
233,42460,2,2,1362348,3,7
234,42460,4,2,1722700,46,6
235,42460,4,1,848358,43,8
236,42460,5,2,2104286,45,4
237,42462,6,3,1748850,42,3
238,42462,7,4,995520,13,9
239,42462,6,1,2338032,39,10
240,42463,1,4,1298716,22,4
241,42463,2,1,2038660,35,6
242,42464,4,4,656535,32,8
243,42464,2,1,1870546,38,1
244,42464,2,3,1431076,44,9
245,42465,7,4,1176597,24,2
246,42466,2,2,1936102,1,2
247,42466,5,4,1582527,25,8
248,42466,4,2,873120,45,10
249,42466,5,3,2026401,7,9
250,42466,6,1,747075,17,10
251,42466,4,1,1130632,22,6
252,42466,1,1,1622040,6,1
253,42467,1,3,567206,45,10
254,42467,6,2,379689,37,10
255,42467,2,4,424536,11,2
256,42467,5,2,1620304,26,8
257,42468,4,1,1220697,29,4
258,42468,4,4,1099648,7,3
259,42468,1,3,1183212,25,10
260,42469,6,3,1750014,25,4
261,42469,7,1,1107108,17,2
262,42469,4,4,1449629,39,10
263,42470,3,4,1006988,36,2
264,42471,1,3,1770912,28,4
265,42471,1,4,927255,25,9
266,42471,1,3,1125792,16,9
267,42471,4,2,1291116,20,7
268,42472,5,2,968250,42,8
269,42472,1,1,446888,10,1
270,42472,1,3,1342906,17,2
271,42472,2,1,1093281,32,10
272,42472,4,1,2409210,47,3
273,42472,6,1,722880,46,1
274,42472,6,1,1102880,2,6
275,42473,2,2,1079449,47,8
276,42474,3,2,1039500,19,5
277,42474,1,4,2038586,2,3
278,42474,4,2,853750,19,10
279,42475,4,2,1414956,43,10
280,42475,3,4,881804,35,4
281,42475,3,2,1081278,35,10
282,42475,4,2,2534505,26,10
283,42475,3,3,1336298,4,7
284,42476,4,2,2404898,47,1
285,42476,5,3,712712,30,7
286,42476,5,4,523770,17,10
287,42476,5,4,1360800,16,5
288,42476,4,1,924294,16,8
289,42477,4,1,895359,10,8
290,42477,3,2,1437818,29,5
291,42478,4,3,1877675,22,2
292,42478,1,4,258444,31,1
293,42479,1,2,430418,17,8
294,42479,3,2,589960,3,4
295,42479,3,2,786695,3,10
296,42479,1,4,1773780,2,1
297,42480,4,2,2699136,41,5
298,42480,5,4,600596,31,2
299,42480,5,2,307170,40,1
300,42480,4,3,683230,6,8
301,42481,4,3,1458176,12,5
302,42481,5,2,1171894,29,3
303,42482,3,2,1728221,26,10
304,42483,4,4,2612566,14,7
305,42484,3,2,1150380,22,1
306,42484,6,1,1055912,9,1
307,42484,5,1,1645616,24,2
308,42485,4,4,1521216,22,5
309,42485,6,1,1763517,31,4
310,42485,5,1,792792,37,1
311,42485,4,1,605425,27,10
312,42486,5,2,1579284,40,2
313,42487,2,4,391391,9,9
314,42487,4,3,1386900,20,4
315,42488,4,4,2439971,18,3
316,42489,5,4,2571111,4,8
317,42489,1,4,1754992,26,3
318,42489,4,1,440772,25,1
319,42489,6,3,961368,41,4
320,42489,5,2,2456159,40,6
321,42490,5,2,977740,23,10
322,42490,4,4,255906,45,2
323,42490,1,4,1592166,13,4
324,42491,4,4,876060,15,7
325,42491,6,2,332400,23,10
326,42491,5,4,1227224,35,1
327,42491,4,3,1022040,10,1
328,42491,4,4,1369368,9,7
329,42491,5,1,1922325,13,6
330,42492,1,2,1189250,37,5
331,42492,1,4,990355,36,4
332,42493,2,2,877680,10,5
333,42493,6,4,803000,25,10
334,42494,5,3,2110966,30,2
335,42494,6,1,634920,12,8
336,42494,2,3,1394461,38,7
337,42495,3,2,413610,27,4
338,42495,3,4,361661,20,2
339,42496,4,2,683175,38,6
340,42497,4,1,783783,5,10
341,42497,4,3,1990697,45,1
342,42497,2,1,1992228,7,5
343,42497,1,4,1178100,1,8
344,42497,4,4,1083466,29,8
345,42498,5,3,1263495,46,10
346,42498,2,3,1320676,11,5
347,42498,5,4,851852,6,7
348,42498,3,2,1560889,43,7
349,42499,1,3,1398852,26,6
350,42500,3,2,680830,34,4
351,42500,6,2,418725,44,6
352,42501,4,3,2060550,31,7
353,42501,6,3,1980185,15,5
354,42501,6,2,885476,46,8
355,42501,3,3,1181686,41,10
356,42501,1,1,830830,10,8
357,42502,4,2,1707944,19,8
358,42502,6,4,1180048,13,10
359,42502,1,1,1176630,8,10
360,42503,2,4,896220,37,4
361,42504,2,1,1505925,6,7
362,42505,4,1,732495,20,3
363,42505,4,2,378624,3,7
364,42505,2,1,1257036,28,5
365,42505,2,3,673355,39,4
366,42505,3,1,961192,7,9
367,42505,5,1,501220,16,5
368,42505,4,2,354320,29,10
369,42506,4,4,1238339,22,2
370,42506,4,3,1377975,28,2
371,42507,3,4,1109980,14,2
372,42507,1,1,1317529,22,1
373,42508,4,4,822811,21,5
374,42508,6,3,895287,29,9
375,42509,2,3,1398630,12,1
376,42510,5,1,1210053,15,8
377,42511,3,4,525210,11,8
378,42511,4,2,1680000,18,7
379,42511,6,2,812808,24,3
380,42512,2,1,2586704,22,6
381,42512,4,2,775884,49,6
382,42513,4,1,2582184,42,4
383,42513,5,1,1331166,8,5
384,42513,1,4,1823400,31,2
385,42513,1,4,1746405,14,9
386,42513,1,2,830760,9,2
387,42514,3,4,486472,19,3
388,42515,1,2,835152,31,2
389,42516,3,3,882784,34,9
390,42517,1,3,389350,37,3
391,42517,4,2,1483500,35,8
392,42517,6,4,1560450,36,5
393,42518,6,2,1164375,49,2
394,42518,2,4,946792,49,2
395,42518,4,2,1159296,19,9
396,42518,1,1,1602544,9,1
397,42519,1,4,933321,34,7
398,42519,5,2,427824,46,2
399,42519,5,3,483860,17,8
400,42519,1,3,1225120,14,8
401,42520,6,4,2682900,38,7
402,42520,5,1,2188138,47,1
403,42520,6,2,770040,44,2
404,42521,4,1,702576,41,9
405,42521,2,3,1804992,15,5
406,42521,3,4,1883700,33,2
407,42521,5,4,1383480,45,7
408,42522,5,4,729788,38,1
409,42522,1,2,1750089,47,1
410,42522,6,1,435252,32,6
411,42523,2,2,742770,2,8
412,42523,2,2,1268952,40,2
413,42523,6,3,1527498,15,5
414,42524,4,1,425432,12,1
415,42524,1,4,386584,12,8
416,42525,3,1,1287807,43,7
417,42525,4,4,1381506,34,7
418,42525,5,2,2452989,39,9
419,42525,1,2,952302,21,4
420,42526,6,1,1019160,44,9
421,42527,4,4,1209735,35,8
422,42527,6,4,637308,13,4
423,42527,2,4,1090180,34,5
424,42527,1,4,1945755,36,4
425,42527,4,2,1117753,45,9
426,42527,3,1,1042659,23,9
427,42528,6,4,583362,27,2
428,42528,6,1,338364,46,1
429,42529,1,3,2190493,41,5
430,42529,3,3,1388175,46,8
431,42529,4,3,1116441,4,7
432,42530,3,1,1980300,45,4
433,42531,4,3,852480,6,6
434,42531,2,3,1898628,38,5
435,42531,5,2,1541528,12,1
436,42531,4,3,783195,47,7
437,42532,1,2,909821,28,2
438,42532,3,4,1543344,46,3
439,42533,3,2,2524358,43,2
440,42533,1,4,1077665,17,9
441,42534,1,4,790602,1,10
442,42534,1,3,872063,34,8
443,42535,6,2,1001070,8,8
444,42535,1,4,1005312,46,4
445,42535,2,2,189156,7,7
446,42535,4,3,419178,9,1
447,42535,1,1,1779458,2,1
448,42535,2,2,1159470,12,7
449,42535,2,2,788948,35,7
450,42536,5,1,1674744,46,8
451,42536,3,4,406998,9,3
452,42537,4,1,2097970,46,9
453,42537,4,2,1616900,42,1
454,42537,3,4,458568,35,1
455,42538,1,4,2439512,28,10
456,42538,6,1,1797120,21,10
457,42538,4,1,511680,21,6
458,42538,6,4,587880,30,2
459,42539,3,2,590426,47,2
460,42540,3,4,322322,8,4
461,42540,4,2,412740,32,9
462,42540,3,1,924732,47,3
463,42541,4,2,1962380,19,1
464,42542,4,2,836836,16,5
465,42542,5,1,2628812,10,3
466,42542,2,3,242704,15,7
467,42542,2,2,520758,33,10
468,42542,2,3,870105,9,1
469,42542,4,4,546780,47,2
470,42543,1,3,875544,37,9
471,42543,4,1,801350,35,5
472,42543,4,3,1820016,13,7
473,42543,1,1,872760,26,3
474,42543,4,2,1622646,12,5
475,42543,4,3,568480,35,6
476,42544,3,1,851488,21,8
477,42546,4,1,855442,29,10
478,42546,4,1,913248,5,3
479,42546,3,2,1028224,23,5
480,42546,4,1,530816,39,10
481,42547,3,4,1166780,5,8
482,42547,5,3,1983123,49,5
483,42547,3,1,946710,2,6
484,42548,4,2,1506438,44,1
485,42548,6,3,1093608,12,6
486,42548,6,2,2199476,3,7
487,42548,4,1,2475063,31,3
488,42549,6,1,1306840,47,4
489,42549,4,3,253920,12,8
490,42550,1,4,1911312,13,10
491,42550,6,2,358670,26,8
492,42551,2,1,1298328,20,8
493,42551,1,1,1948583,4,10
494,42551,6,4,1729762,39,1
495,42551,3,4,2578696,45,5
496,42551,6,1,1166065,19,8
497,42551,3,2,1316073,15,7
498,42551,4,3,1004740,4,9
499,42552,4,4,531432,35,5
500,42552,5,1,2238000,25,6
501,42553,4,1,965006,42,8
502,42553,6,1,2087904,2,9
503,42553,6,4,647352,34,3
504,42553,3,1,1216254,37,3
505,42553,5,3,860172,28,10
506,42553,5,3,1207195,40,5
507,42553,5,3,1032546,13,3
508,42553,2,4,2297538,17,6
509,42554,1,3,428240,30,5
510,42554,5,4,1175860,33,4
511,42554,5,1,258560,19,7
512,42554,1,3,1782940,16,2
513,42554,4,4,1841622,45,10
514,42555,4,3,741228,43,2
515,42556,3,4,262777,25,1
516,42556,3,4,720902,2,5
517,42556,5,2,1313526,31,10
518,42556,4,2,638064,40,1
519,42557,6,4,682773,33,2
520,42557,4,1,279342,27,10
521,42557,1,4,740355,13,8
522,42557,4,1,1293400,9,1
523,42557,4,2,1429380,36,5
524,42558,6,4,1536576,41,1
525,42558,1,1,1249360,46,8
526,42559,1,2,1594404,10,1
527,42559,5,4,935781,36,4
528,42560,7,1,2273040,7,6
529,42560,5,1,1414602,7,6
530,42560,2,1,446856,42,1
531,42560,5,4,712768,17,3
532,42560,2,1,999726,2,6
533,42561,1,3,606024,46,9
534,42562,3,2,410316,39,3
535,42562,5,1,1730680,11,3
536,42562,4,2,1292123,20,7
537,42562,2,2,1031121,44,7
538,42563,5,2,2161134,45,8
539,42564,1,4,761793,28,6
540,42564,1,3,565587,5,5
541,42564,4,2,251596,28,9
542,42564,3,4,1514968,26,3
543,42564,5,3,564186,36,9
544,42565,3,3,694331,45,2
545,42566,2,1,419348,23,7
546,42568,5,1,628095,40,5
547,42568,4,2,1000000,36,1
548,42568,1,4,2330042,15,9
549,42568,2,2,1403988,22,2
550,42569,4,1,1711325,30,9
551,42569,6,2,2215002,32,9
552,42569,2,4,804625,42,2
553,42569,3,4,1568754,12,3
554,42569,1,4,867009,35,2
555,42570,6,2,1289748,45,9
556,42570,4,1,567492,33,8
557,42571,6,2,1916442,49,2
558,42572,6,2,1875012,13,2
559,42572,2,3,1590104,13,10
560,42573,5,3,1412175,1,4
561,42573,1,1,280741,28,8
562,42573,6,2,960526,49,4
563,42573,6,4,1272216,45,8
564,42573,4,1,513968,35,5
565,42573,4,4,917868,45,2
566,42574,2,2,1881950,45,6
567,42574,2,4,469910,44,7
568,42574,2,1,639999,36,5
569,42574,2,3,700398,26,2
570,42575,4,1,659808,44,4
571,42575,5,3,322036,42,4
572,42576,2,3,1897155,43,9
573,42576,1,3,1038825,8,6
574,42576,2,1,251430,7,1
575,42576,1,4,1877400,2,2
576,42577,4,4,435348,15,1
577,42577,3,4,889658,16,2
578,42577,3,2,1571973,3,8
579,42577,5,2,811780,7,10
580,42578,1,3,1634884,18,9
581,42578,7,3,1742020,30,2
582,42579,5,1,2584480,15,4
583,42579,2,3,1767744,15,3
584,42580,4,2,1077601,9,7
585,42580,1,2,1050203,14,6
586,42580,3,1,613921,32,6
587,42581,6,4,1286344,37,2
588,42581,2,3,469168,30,4
589,42581,3,3,1372686,46,9
590,42582,4,3,627570,29,2
591,42582,4,2,435712,46,5
592,42582,1,2,999630,43,3
593,42583,4,3,1234974,20,7
594,42583,5,3,1148436,30,2
595,42583,5,4,1343798,31,5
596,42583,1,1,358360,5,8
597,42584,4,1,323760,31,2
598,42585,4,1,735456,5,4
599,42587,2,1,738568,18,3
600,42587,3,4,1275646,34,7
601,42587,4,2,919632,36,3
602,42588,5,2,1218763,30,3
603,42588,4,4,1408182,19,5
604,42589,2,1,704323,44,3
605,42589,6,1,1817264,6,4
606,42589,1,1,360765,47,10
607,42589,1,4,418019,35,5
608,42590,4,1,1117620,6,8
609,42590,4,1,1790880,21,10
610,42590,2,4,1058545,39,10
611,42590,4,4,2658936,1,3
612,42590,4,2,879244,2,1
613,42590,5,4,1879200,1,2
614,42591,4,4,1085705,45,8
615,42591,2,1,1992320,21,10
616,42591,6,4,1237929,15,4
617,42592,6,1,1283980,40,3
618,42592,3,1,391560,24,2
619,42592,4,4,705963,33,7
620,42593,4,4,406290,26,6
621,42593,5,3,2171128,36,9
622,42593,6,4,1116348,32,2
623,42594,2,3,577656,35,10
624,42594,5,3,1122352,49,9
625,42594,5,2,2171826,27,4
626,42595,6,3,2061131,44,2
627,42595,1,1,494758,22,4
628,42595,4,3,1360828,25,2
629,42596,6,2,1427019,7,7
630,42596,1,2,1567060,38,3
631,42596,1,4,1972816,42,1
632,42596,6,2,1816437,41,10
633,42596,1,2,1191044,42,7
634,42597,6,3,2576432,39,2
635,42597,2,2,981651,2,3
636,42597,6,3,1161477,22,2
637,42597,1,4,938030,20,5
638,42597,4,3,915704,33,9
639,42598,6,2,2646181,36,9
640,42598,5,3,1243060,39,10
641,42598,3,2,2306238,19,10
642,42599,5,2,711382,24,7
643,42599,5,1,2338095,6,5
644,42599,5,3,1162104,27,1
645,42599,5,3,1917696,7,8
646,42599,1,1,1192800,8,5
647,42600,6,4,346256,38,2
648,42600,3,2,1153173,49,7
649,42600,6,1,386354,27,3
650,42601,1,1,777360,20,10
651,42601,6,2,1015956,44,5
652,42601,3,2,1080548,27,7
653,42601,6,3,730149,26,9
654,42601,3,2,1953873,8,2
655,42601,3,2,2787016,37,10
656,42602,3,3,1773072,46,6
657,42602,4,1,1589832,33,8
658,42602,1,3,1442870,23,10
659,42602,4,4,500400,14,10
660,42602,6,3,1003552,17,1
661,42602,2,2,1730550,27,10
662,42603,1,2,1963166,47,6
663,42603,2,4,463843,27,10
664,42603,2,2,2057832,2,3
665,42604,2,2,1520627,38,10
666,42605,4,1,1457980,40,2
667,42605,3,4,651920,17,10
668,42606,1,4,1513005,4,9
669,42606,1,3,1747830,34,9
670,42607,5,4,2188597,45,10
671,42607,4,4,1277930,31,7
672,42607,2,3,1225926,1,1
673,42608,5,4,479318,29,8
674,42608,1,2,1392168,25,3
675,42608,3,4,329716,8,4
676,42608,4,2,311563,33,8
677,42609,5,3,227178,39,8
678,42609,5,4,1239300,18,3
679,42609,4,3,1074969,25,4
680,42609,6,3,1029864,13,7
681,42609,5,3,1166104,45,1
682,42609,3,1,1577692,12,7
683,42609,6,1,1049433,32,9
684,42610,1,3,2285244,41,7
685,42610,6,2,662316,4,9
686,42610,4,3,330771,29,7
687,42611,6,1,1214880,25,7
688,42611,4,1,688838,33,5
689,42612,1,2,622144,45,2
690,42612,1,3,723492,4,7
691,42612,4,2,827062,25,6
692,42612,3,1,1022883,32,8
693,42613,4,4,1722407,24,6
694,42613,6,1,392832,1,1
695,42613,2,1,1524585,15,8
696,42614,4,3,1379328,24,6
697,42614,2,4,1570016,47,2
698,42615,1,2,789140,11,5
699,42615,4,2,542974,21,6
700,42616,2,2,1251315,13,10
701,42616,4,2,2023200,39,3
702,42617,6,2,2553225,6,10
703,42617,4,3,1341120,2,4
704,42618,6,4,2540364,42,7
705,42618,3,3,1165842,21,2
706,42618,6,2,1501560,6,2
707,42618,5,2,1713120,27,3
708,42618,5,3,1124012,24,2
709,42619,4,3,1181670,44,10
710,42619,1,1,1291636,36,3
711,42620,4,3,2114035,28,6
712,42620,1,1,2280668,23,6
713,42620,4,4,688463,2,2
714,42620,4,1,2135210,39,9
715,42620,3,1,329681,23,10
716,42620,3,4,1793848,25,3
717,42620,2,3,457498,9,3
718,42621,4,2,736092,5,2
719,42621,3,3,1565839,37,4
720,42621,4,3,2216608,30,3
721,42622,5,3,266596,43,10
722,42622,5,2,611546,40,1
723,42622,4,2,518508,19,7
724,42622,3,4,2085373,24,6
725,42623,3,4,901980,42,1
726,42623,1,2,1081360,24,1
727,42625,4,2,1168440,41,8
728,42626,4,4,585746,4,7
729,42626,4,1,1905187,10,2
730,42626,1,3,1830664,32,5
731,42626,4,2,555246,16,4
732,42626,4,3,652743,17,2
733,42627,3,2,1225244,38,2
734,42627,6,1,644470,14,3
735,42628,3,4,588023,29,8
736,42629,5,4,840560,28,2
737,42629,4,1,780980,33,5
738,42629,4,1,1201578,20,4
739,42630,6,4,1527750,8,1
740,42631,1,4,2328418,32,3
741,42631,1,3,1184274,43,7
742,42632,4,4,1330236,34,8
743,42632,2,1,542864,33,9
744,42632,4,4,538065,7,1
745,42632,4,1,445295,35,2
746,42632,3,3,761056,27,5
747,42632,4,4,1355470,40,9
748,42632,5,2,2145480,26,4
749,42633,2,1,679554,13,4
750,42633,1,2,1335936,43,9
751,42633,1,2,556116,43,9
752,42635,2,4,1509872,27,2
753,42635,2,1,399655,12,7
754,42635,6,3,1206557,39,7
755,42635,3,3,2202655,3,9
756,42636,5,3,308850,2,4
757,42636,5,4,306726,12,8
758,42636,6,4,1535168,32,8
759,42636,6,3,823680,12,9
760,42636,4,4,1695330,47,5
761,42636,2,2,411700,7,2
762,42636,1,4,371712,31,6
763,42637,6,2,2411808,25,10
764,42637,3,2,1122240,46,3
765,42638,2,2,2354481,30,9
766,42639,6,2,1044480,35,8
767,42639,6,4,510150,26,5
768,42639,6,2,1213212,47,8
769,42642,4,4,1162131,38,2
770,42644,3,1,1343840,8,4
771,42644,5,2,223564,18,2
772,42644,4,4,1363948,29,8
773,42644,4,1,484744,24,1
774,42645,2,3,2332152,22,5
775,42645,2,1,1606500,17,10
776,42645,1,1,411160,17,6
777,42645,4,3,611796,28,6
778,42646,2,4,1554732,18,10
779,42646,2,3,1877760,41,3
780,42646,2,3,1607280,3,6
781,42646,4,1,1217390,17,8
782,42646,4,2,299996,14,8
783,42646,3,2,1455693,18,2
784,42646,1,3,778706,3,3
785,42646,4,4,1685148,47,6
786,42646,1,1,913248,7,4
787,42646,4,4,2064879,44,9
788,42647,4,2,853852,4,2
789,42647,6,4,1781849,10,7
790,42647,6,3,647460,47,2
791,42648,5,2,869196,31,10
792,42648,6,3,1565120,5,9
793,42648,6,1,507320,33,10
794,42650,3,3,1522946,9,7
795,42650,4,3,338476,21,6
796,42650,4,1,950290,35,2
797,42651,3,4,1442280,7,10
798,42651,6,2,1478742,32,10
799,42651,4,3,2209822,34,2
800,42652,2,3,653250,36,9
801,42653,2,3,1323198,49,2
802,42653,4,1,1106028,9,7
803,42653,2,3,1115409,2,10
804,42653,5,2,580032,41,4
805,42654,6,4,1469178,28,5
806,42654,3,2,415552,25,3
807,42655,4,3,1891736,14,3
808,42655,3,2,630224,22,9
809,42655,4,3,1292484,2,8
810,42655,5,4,334305,13,10
811,42656,5,1,1805518,15,5
812,42656,3,3,2208252,41,6
813,42657,7,2,733470,37,8
814,42657,3,4,1627200,37,2
815,42657,5,3,1690416,42,3
816,42658,1,4,2180104,29,1
817,42658,4,4,878638,14,7
818,42658,4,3,244608,42,6
819,42659,1,4,562632,27,10
820,42659,6,3,1688170,33,8
821,42659,1,2,1392006,47,5
822,42660,5,3,1628333,6,4
823,42660,1,1,992793,40,3
824,42661,6,2,484560,35,9
825,42661,2,3,866880,1,10
826,42661,3,2,1709567,11,10
827,42662,5,3,1391809,35,2
828,42663,5,4,1278774,18,2
829,42663,2,1,1218888,42,9
830,42664,2,1,1409551,4,6
831,42664,1,2,880900,44,3
832,42664,4,3,574200,40,6
833,42664,3,1,1968632,26,2
834,42664,7,4,592103,21,1
835,42665,1,1,1276800,30,2
836,42665,4,3,2124596,16,10
837,42667,2,2,1021334,2,3
838,42667,6,2,583110,40,2
839,42667,2,1,1029178,25,7
840,42667,1,2,1040478,20,3
841,42667,6,2,1061160,18,5
842,42669,4,4,942196,43,5
843,42670,4,4,1712725,49,3
844,42670,2,3,593021,44,6
845,42671,5,3,1485680,40,8
846,42671,4,3,2214984,10,5
847,42671,6,2,731929,19,10
848,42671,3,3,1566129,28,6
849,42672,4,3,1003320,45,1
850,42672,6,2,1391091,20,6
851,42672,4,2,1032118,1,10
852,42673,4,2,1768020,9,7
853,42673,6,3,1708716,7,6
854,42673,6,1,2430272,27,1
855,42674,4,2,1650200,41,10
856,42674,5,4,995657,45,5
857,42674,5,2,2379048,12,7
858,42674,3,1,1821758,16,4
859,42674,4,4,397540,29,10
860,42674,6,1,2242656,21,9
861,42674,6,2,891456,34,3
862,42675,2,4,631560,33,4
863,42677,3,4,2328636,24,10
864,42677,5,2,553608,24,2
865,42677,1,2,523160,26,7
866,42678,1,2,1054544,33,9
867,42678,4,3,418692,33,5
868,42678,4,3,912114,45,1
869,42678,1,1,1082079,23,2
870,42679,5,3,1951180,6,8
871,42679,4,3,726352,37,9
872,42680,6,2,1390460,29,7
873,42680,5,1,2923155,49,3
874,42680,6,3,458560,5,4
875,42680,3,2,1259202,30,5
876,42680,5,3,968658,23,4
877,42680,3,1,549120,5,6
878,42681,5,4,1372135,45,7
879,42681,3,1,1070307,3,10
880,42682,1,1,1542784,32,8
881,42682,4,1,645569,26,10
882,42682,2,3,970420,21,7
883,42682,6,2,1370964,14,7
884,42682,6,2,590875,16,7
885,42682,4,1,719213,24,1
886,42683,6,2,1191281,46,7
887,42684,4,4,1356160,1,8
888,42684,3,1,412395,49,4
889,42684,3,1,1420012,27,9
890,42684,3,3,1598520,19,5
891,42684,4,2,2543625,49,6
892,42685,4,3,2025638,45,9
893,42685,4,3,1115604,36,2
894,42685,1,1,610696,41,4
895,42685,5,4,1341024,1,10
896,42685,6,3,1340632,4,9
897,42686,4,1,581568,45,7
898,42686,4,4,2449452,31,6
899,42687,2,4,315810,22,6
900,42687,4,4,1072768,24,1
901,42687,1,2,1653456,47,4
902,42688,3,4,2722146,20,2
903,42688,4,3,1029367,38,10
904,42688,6,4,455762,16,5
905,42689,2,2,479892,27,5
906,42689,5,3,500140,9,4
907,42689,3,4,491706,42,6
908,42689,1,2,933444,38,9
909,42689,5,3,1204595,21,9
910,42690,6,3,1506853,36,9
911,42691,2,4,1036665,41,10
912,42691,4,1,1967400,34,1
913,42691,4,1,1676500,36,10
914,42691,6,2,366480,34,3
915,42691,3,2,1869885,6,9
916,42692,6,1,1511095,33,7
917,42692,1,3,1719757,19,9
918,42693,5,1,1662089,38,5
919,42693,4,1,1311660,44,4
920,42694,5,4,1242042,15,8
921,42695,4,3,1273030,8,2
922,42695,3,1,1238202,49,8
923,42695,4,3,1440742,20,1
924,42696,1,2,2213909,18,3
925,42696,1,1,2039512,21,9
926,42696,4,4,2376550,45,9
927,42696,4,4,709700,5,5
928,42697,5,4,1615647,34,3
929,42698,2,3,410260,7,10
930,42698,2,3,1604687,22,4
931,42698,4,1,2053384,20,10
932,42700,1,1,754435,30,7
933,42700,1,3,795000,18,8
934,42700,4,2,2212740,5,5
935,42701,3,1,1373008,12,7
936,42702,1,2,573040,40,4
937,42702,5,2,1932552,20,7
938,42702,2,4,766774,41,9
939,42702,5,2,1962360,31,2
940,42703,5,4,1662822,43,9
941,42703,5,4,614244,38,6
942,42703,5,3,1485915,44,3
943,42704,6,3,1273000,11,7
944,42704,6,2,558030,13,6
945,42705,6,3,894888,30,1
946,42705,6,2,1447551,10,8
947,42705,4,1,474624,41,1
948,42706,6,2,1725597,31,4
949,42706,1,4,1241562,26,4
950,42706,6,2,2153852,41,5
951,42707,3,4,307255,29,6
952,42708,5,4,954808,2,9
953,42708,4,2,1510320,29,3
954,42709,1,1,330956,3,5
955,42710,4,2,1938400,29,7
956,42710,6,3,509840,31,4
957,42710,4,3,368760,7,10
958,42711,2,3,1071667,40,1
959,42711,1,3,1872876,24,4
960,42711,4,2,1732500,15,10
961,42711,1,2,535584,38,7
962,42711,3,4,1271592,21,5
963,42712,2,1,1593720,46,8
964,42712,4,2,1038590,12,8
965,42712,5,2,525616,47,4
966,42712,6,1,1994532,15,9
967,42713,6,2,722925,30,2
968,42713,2,1,769824,29,1
969,42715,6,1,2581552,31,7
970,42715,6,2,1193408,16,10
971,42715,6,1,1145600,11,7
972,42715,6,2,1059303,10,5
973,42716,4,1,600642,33,3
974,42716,1,1,920144,27,9
975,42717,4,1,409563,2,5
976,42717,2,4,1236560,49,10
977,42717,4,4,1494490,23,3
978,42718,4,3,659295,40,4
979,42719,4,4,672792,23,4
980,42719,4,4,589016,14,9
981,42719,2,2,2273762,44,8
982,42720,4,4,1588940,2,3
983,42720,3,4,1127750,40,1
984,42720,4,1,1678286,6,5
985,42721,6,4,2427300,14,1
986,42721,4,1,1753240,4,10
987,42722,5,1,1894752,46,6
988,42722,4,3,2000475,11,5
989,42722,6,1,528120,37,5
990,42722,5,4,1717898,24,5
991,42722,3,4,1870757,13,9
992,42723,6,2,2326118,31,10
993,42723,5,3,1911510,40,7
994,42723,2,2,1346961,40,9
995,42723,3,3,1414800,26,6
996,42724,1,2,690184,6,6
997,42724,5,2,448932,4,8
998,42724,2,2,2101743,18,4
999,42724,5,2,430743,46,7
1000,42725,1,1,2707200,40,7
1001,42726,2,4,1368750,2,3
1002,42726,6,4,2677056,25,6
1003,42726,1,3,638058,1,8
1004,42727,6,1,866780,36,2
1005,42727,3,2,1437360,19,2
1006,42727,4,1,1706240,40,10
1007,42728,3,3,822504,3,7
1008,42728,4,1,622787,25,6
1009,42728,6,3,1266732,7,2
1010,42728,1,2,945702,5,6
1011,42728,6,4,862848,29,7
1012,42731,3,3,1008071,2,10
1013,42732,3,4,1657880,20,10
1014,42732,4,4,1457226,26,6
1015,42732,2,4,1508472,16,8
1016,42733,1,4,1276864,1,8
1017,42733,1,2,2101862,27,8
1018,42733,2,4,1360064,11,8
1019,42734,4,1,369984,43,10
1020,42734,5,1,1176855,31,3
1021,42734,4,2,452962,6,3
1022,42735,6,3,1177653,34,1
1023,42735,3,2,889980,31,1
1024,42735,6,4,1615424,45,2
1025,42736,5,3,2022624,11,8
1026,42736,1,4,1231262,17,2
1027,42736,4,2,352972,8,7
1028,42737,4,1,610416,49,10
1029,42737,6,1,1089181,22,5
1030,42737,6,3,1194505,14,3
1031,42737,5,4,1106677,11,2
1032,42738,5,4,1262250,13,9
1033,42738,4,1,1236672,3,7
1034,42738,5,2,923355,37,7
1035,42739,5,4,2398788,11,1
1036,42739,2,1,1636560,37,9
1037,42740,5,1,2496723,26,3
1038,42740,6,2,325326,30,7
1039,42741,4,1,1441440,34,8
1040,42741,2,4,1315440,31,2
1041,42741,2,3,1732302,19,10
1042,42742,4,3,374310,47,10
1043,42743,4,3,1844004,35,6
1044,42743,6,3,1603196,30,6
1045,42743,1,2,2402920,41,5
1046,42743,4,2,1823280,40,1
1047,42743,3,4,949693,10,10
1048,42744,4,4,2362572,8,6
1049,42744,3,4,672987,41,6
1050,42744,4,3,703680,17,8
1051,42744,1,1,1940448,34,8
1052,42744,7,2,624600,49,2
1053,42745,5,2,224280,11,5
1054,42746,3,4,2138771,34,5
1055,42746,2,1,1250408,27,6
1056,42747,4,2,300105,44,1
1057,42747,4,4,599850,18,9
1058,42747,1,4,1919827,36,10
1059,42748,3,2,573230,39,7
1060,42749,6,4,500560,9,3
1061,42749,5,4,259515,15,4
1062,42750,1,3,652052,8,10
1063,42751,3,4,1886541,22,9
1064,42751,6,2,607200,35,7
1065,42751,5,1,1502800,19,8
1066,42752,4,2,2808008,44,10
1067,42752,4,1,892620,49,4
1068,42753,1,4,1471197,1,1
1069,42753,2,3,1065744,23,1
1070,42753,1,1,1162784,36,4
1071,42753,1,2,1134452,38,1
1072,42754,6,2,592152,23,10
1073,42754,3,3,2083866,28,4
1074,42754,5,1,2141830,1,8
1075,42755,1,4,2275050,9,4
1076,42755,1,1,298368,6,5
1077,42755,2,4,1911604,43,1
1078,42756,3,4,1850644,3,5
1079,42756,3,2,777686,45,4
1080,42756,2,1,2279354,47,2
1081,42756,6,4,1128420,31,7
1082,42757,3,3,1615128,45,10
1083,42757,3,3,1332030,9,4
1084,42757,1,2,1370138,23,2
1085,42757,5,4,424175,5,4
1086,42757,6,1,2546180,39,9
1087,42758,1,3,1199730,20,7
1088,42758,5,3,760176,44,8
1089,42759,5,4,1081248,17,8
1090,42760,2,4,1816793,26,9
1091,42760,3,3,943800,26,6
1092,42761,6,3,2130375,15,8
1093,42763,1,2,2209344,11,2
1094,42764,6,4,1187477,49,4
1095,42764,2,4,1772700,9,10
1096,42764,2,2,539392,28,2
1097,42764,3,3,771108,4,7
1098,42764,4,4,1960808,9,1
1099,42765,5,2,621314,18,10
1100,42765,6,3,1814238,5,4
1101,42765,4,1,468952,12,8
1102,42765,4,3,1950772,28,7
1103,42766,2,1,932250,45,7
1104,42766,3,1,786714,31,7
1105,42766,1,3,541648,26,8
1106,42767,3,2,1279434,39,1
1107,42768,4,3,650580,22,8
1108,42768,5,1,1009328,18,10
1109,42768,1,3,2064634,47,3
1110,42768,2,1,924990,15,1
1111,42769,1,4,372447,7,6
1112,42769,5,4,1602300,1,8
1113,42769,1,3,1323353,29,8
1114,42770,5,2,499244,3,8
1115,42771,6,1,963020,20,9
1116,42771,2,1,493632,35,7
1117,42771,4,2,1037498,38,8
1118,42772,1,1,2741308,40,6
1119,42773,2,4,1912482,44,7
1120,42773,2,2,1707660,27,10
1121,42773,6,1,1592624,38,1
1122,42774,6,2,1339044,29,10
1123,42774,3,2,879357,8,6
1124,42774,6,2,1215344,7,4
1125,42776,4,3,2287075,28,4
1126,42776,6,3,462315,33,2
1127,42777,6,3,359775,40,6
1128,42777,1,4,1859480,4,10
1129,42777,3,2,899640,11,10
1130,42778,4,4,444338,32,7
1131,42778,1,4,795912,15,3
1132,42778,6,4,900956,45,5
1133,42778,3,1,712404,20,8
1134,42778,2,4,879254,29,9
1135,42779,4,3,349102,1,3
1136,42779,4,1,297882,43,3
1137,42779,6,1,563475,3,9
1138,42779,4,4,1066550,38,10
1139,42779,5,2,742176,16,9
1140,42779,4,3,1318660,9,6
1141,42779,1,1,1601334,20,2
1142,42779,4,3,1033850,42,10
1143,42780,4,4,1394206,38,1
1144,42780,4,4,2176768,30,9
1145,42780,6,3,850226,3,10
1146,42780,3,4,1090782,27,10
1147,42781,5,1,1519137,6,7
1148,42781,3,4,984192,33,10
1149,42781,3,1,481656,46,4
1150,42781,6,1,909090,5,8
1151,42781,2,4,1308398,18,4
1152,42782,2,2,1966272,23,3
1153,42782,4,1,2021232,39,5
1154,42783,6,4,2865688,43,4
1155,42783,4,3,857374,1,1
1156,42783,5,3,1305200,33,7
1157,42783,2,2,1614170,10,9
1158,42783,3,4,2436448,17,4
1159,42783,5,3,1823708,25,6
1160,42784,5,4,2148384,22,2
1161,42785,4,1,1594715,16,10
1162,42785,2,3,698301,5,8
1163,42785,5,3,523989,38,6
1164,42785,1,1,750984,15,4
1165,42786,4,1,1665134,19,1
1166,42786,6,1,1820540,13,5
1167,42786,1,1,1076464,37,7
1168,42787,6,2,1136502,11,9
1169,42787,4,3,1051500,34,6
1170,42787,2,3,744480,45,5
1171,42787,3,3,647280,42,7
1172,42787,3,2,1697640,19,10
1173,42788,2,1,463306,11,7
1174,42789,6,1,322344,36,2
1175,42789,2,2,484592,46,10
1176,42789,4,4,1305129,30,9
1177,42790,4,1,711634,47,9
1178,42790,1,3,1468614,45,3
1179,42790,4,4,780598,19,2
1180,42791,3,4,354270,15,1
1181,42791,4,4,425790,10,8
1182,42792,4,2,1203246,28,5
1183,42792,1,2,360540,29,7
1184,42792,3,1,639952,22,10
1185,42793,6,4,1388388,9,6
1186,42794,4,2,756208,8,1
1187,42794,5,2,442300,38,8
1188,42794,1,2,375813,10,2
1189,42794,6,4,1471605,34,5
1190,42794,1,2,1401633,19,8
1191,42794,5,4,1256274,20,2
1192,42795,4,2,2055310,39,2
1193,42795,4,4,1320236,42,6
1194,42795,4,3,969707,11,4
1195,42795,6,2,743360,14,2
1196,42796,4,2,614048,18,2
1197,42797,4,3,233358,41,1
1198,42797,6,4,917378,20,4
1199,42797,3,4,235746,40,2
1200,42797,2,4,474600,49,5
1201,42798,4,3,298350,45,10
1202,42798,4,3,1100046,6,5
1203,42798,5,1,1013175,49,10
1204,42798,3,4,2151435,25,5
1205,42798,2,4,2105079,44,3
1206,42798,4,4,953316,24,5
1207,42798,3,3,1531000,37,1
1208,42799,4,2,1449512,12,10
1209,42799,6,2,395850,24,6
1210,42800,4,1,1504477,32,9
1211,42800,2,1,935694,16,10
1212,42801,4,4,1246960,20,2
1213,42801,4,3,1238006,16,10
1214,42801,4,2,655690,10,3
1215,42801,6,1,293370,35,1
1216,42801,6,1,2688046,26,2
1217,42802,4,4,1830800,4,2
1218,42802,6,2,1729416,15,5
1219,42802,4,4,2234653,7,8
1220,42803,1,3,438480,21,6
1221,42803,2,4,2032295,9,5
1222,42803,6,3,1377880,1,4
1223,42803,1,2,1805475,20,8
1224,42804,1,3,1070740,45,2
1225,42805,1,2,785068,26,9
1226,42805,6,1,1497195,37,7
1227,42805,5,2,1526840,41,1
1228,42805,6,3,996588,1,7
1229,42805,4,3,451643,20,10
1230,42806,4,2,2422720,26,7
1231,42807,4,4,1292980,15,3
1232,42807,2,4,949578,45,8
1233,42808,1,1,820776,14,7
1234,42808,2,1,848888,28,5
1235,42809,6,1,1673173,17,10
1236,42809,3,4,841232,34,6
1237,42810,4,1,376090,9,5
1238,42810,4,2,820608,31,3
1239,42810,4,1,839615,17,1
1240,42810,5,1,2562435,18,9
1241,42810,2,3,630608,6,2
1242,42811,6,2,484200,31,6
1243,42811,5,2,269516,45,2
1244,42811,3,4,1152718,39,1
1245,42811,1,2,1477428,14,1
1246,42812,1,4,367132,18,7
1247,42813,5,4,1557884,30,9
1248,42813,6,3,851032,38,10
1249,42813,1,4,500148,10,3
1250,42814,6,2,1362843,45,8
1251,42814,2,4,730350,6,2
1252,42814,3,4,867636,39,4
1253,42814,5,4,459725,5,3
1254,42815,5,4,757809,20,10
1255,42815,4,2,354360,31,9
1256,42815,6,2,1620192,25,5
1257,42816,1,2,1149525,47,6
1258,42816,4,3,1248862,37,7
1259,42816,5,3,1495260,42,8
1260,42817,5,4,485849,8,6
1261,42817,4,3,1194930,20,6
1262,42817,5,4,525096,9,9
1263,42818,4,3,849464,6,7
1264,42819,3,3,1843074,39,3
1265,42819,4,4,627321,12,6
1266,42819,3,3,363261,33,8
1267,42820,1,1,349720,31,10
1268,42821,5,2,1191044,23,10
1269,42821,6,4,1307688,20,9
1270,42821,4,4,531784,41,8
1271,42821,1,3,1730876,14,7
1272,42821,4,2,1500984,41,9
1273,42822,6,2,1599233,45,2
1274,42822,6,1,1821771,49,4
1275,42823,6,3,1754180,23,2
1276,42824,5,1,1617270,45,3
1277,42824,5,1,2232690,14,8
1278,42824,6,1,1040028,5,2
1279,42824,4,1,804884,20,10
1280,42825,5,1,1938000,12,2
1281,42826,6,2,1004608,14,5
1282,42826,4,3,520914,34,2
1283,42826,2,2,812660,2,4
1284,42827,4,3,400875,18,7
1285,42827,6,2,682344,45,6
1286,42827,1,2,2872287,14,6
1287,42827,4,4,1612334,11,4
1288,42827,4,3,2413648,8,8
1289,42827,7,3,1857807,34,5
1290,42827,4,1,1560125,9,6
1291,42828,5,3,1273320,9,10
1292,42828,5,1,1566720,46,10
1293,42828,5,3,1806650,31,3
1294,42829,2,4,480318,23,6
1295,42829,3,2,899228,40,7
1296,42829,3,1,716272,6,6
1297,42829,5,2,1751450,41,6
1298,42830,5,4,1179488,13,3
1299,42831,2,2,1702590,31,3
1300,42831,4,4,309702,25,2
1301,42832,4,3,2531334,5,3
1302,42833,7,2,2371392,4,9
1303,42833,4,3,657020,35,6
1304,42835,5,3,627300,29,4
1305,42836,3,3,778141,37,10
1306,42836,7,4,2229812,27,8
1307,42837,5,2,2589312,28,10
1308,42837,1,1,1004707,18,9
1309,42837,1,1,574200,9,8
1310,42837,7,1,1517628,6,1
1311,42837,7,2,1059680,2,3
1312,42838,3,2,1523880,31,6
1313,42838,6,1,921195,49,4
1314,42839,2,3,1205864,36,5
1315,42839,1,1,1035416,42,1
1316,42839,6,4,1795819,40,4
1317,42839,3,3,375999,23,1
1318,42839,4,3,1543850,12,7
1319,42840,4,1,1727588,14,10
1320,42840,6,2,841484,18,9
1321,42840,2,2,2478566,32,2
1322,42840,2,1,2396835,5,9
1323,42841,6,1,431760,22,5
1324,42841,3,2,454416,39,4
1325,42841,6,4,563122,47,8
1326,42841,5,4,651472,49,10
1327,42841,5,4,281521,6,5
1328,42842,1,4,2306031,42,1
1329,42842,3,2,1367366,20,8
1330,42842,4,1,2094795,34,3
1331,42843,6,3,1435632,16,1
1332,42843,1,3,1619122,24,7
1333,42843,5,3,287952,26,5
1334,42843,4,1,705628,1,9
1335,42844,2,3,954930,35,3
1336,42844,5,3,2583126,35,6
1337,42845,2,2,493971,35,8
1338,42846,3,2,163920,20,8
1339,42846,3,3,716793,3,4
1340,42846,3,3,1033548,8,9
1341,42847,2,2,1007688,24,3
1342,42847,1,4,1698664,3,9
1343,42847,4,4,2292149,32,7
1344,42847,1,3,1500240,47,5
1345,42847,4,1,370158,49,6
1346,42847,2,4,333650,33,5
1347,42848,2,4,950015,24,4
1348,42848,4,1,1850004,45,4
1349,42848,4,4,892704,22,7
1350,42848,4,2,425712,20,1
1351,42848,6,3,505040,21,1
1352,42849,6,2,1064637,28,6
1353,42849,5,4,1702501,44,9
1354,42850,5,4,2418064,1,3
1355,42850,6,3,886222,32,1
1356,42850,4,4,1421308,36,8
1357,42850,2,1,1827420,21,2
1358,42851,2,3,2474494,39,1
1359,42851,1,3,1059328,8,6
1360,42851,1,3,1201480,35,4
1361,42852,2,3,1179612,23,4
1362,42852,3,3,1441188,43,4
1363,42852,4,2,729579,31,2
1364,42853,5,1,783510,19,2
1365,42853,4,2,350155,22,2
1366,42853,4,3,850720,16,10
1367,42854,4,2,567486,6,5
1368,42854,3,3,183105,19,4
1369,42854,1,1,976384,32,7
1370,42854,3,1,1270800,2,10
1371,42855,4,4,406252,3,9
1372,42856,5,4,2633774,44,5
1373,42856,4,1,2211328,10,9
1374,42856,2,4,1287210,23,4
1375,42856,4,2,1363950,31,7
1376,42856,4,1,609128,45,9
1377,42857,5,3,832000,17,2
1378,42857,3,3,1543428,41,6
1379,42858,1,4,1013523,43,5
1380,42858,5,2,958464,30,5
1381,42858,4,1,902212,3,4
1382,42858,1,3,1352096,21,6
1383,42858,5,2,814793,30,3
1384,42859,3,1,634583,42,6
1385,42860,1,4,2066064,14,2
1386,42860,4,4,1244600,41,4
1387,42860,3,1,843180,18,4
1388,42860,4,2,2288520,24,5
1389,42860,1,2,1892772,43,9
1390,42861,3,1,924741,30,3
1391,42861,5,2,804640,16,4
1392,42861,4,2,1046925,24,9
1393,42861,3,3,305756,15,3
1394,42861,4,4,2011934,49,8
1395,42862,2,2,1923264,19,3
1396,42862,5,1,1177052,26,5
1397,42862,2,1,1623217,36,1
1398,42862,3,4,899014,45,10
1399,42863,3,2,804768,31,7
1400,42865,4,1,1670100,26,2
1401,42865,4,4,2349200,1,8
1402,42865,5,3,1133050,1,1
1403,42866,4,2,2417572,29,2
1404,42867,2,4,1453428,46,7
1405,42867,1,2,493166,15,9
1406,42867,1,4,1531222,3,10
1407,42868,3,3,1864000,20,4
1408,42868,1,4,1384355,42,8
1409,42868,5,1,1733696,31,2
1410,42870,3,3,662000,34,7
1411,42870,6,3,999481,26,6
1412,42870,5,2,2120067,15,4
1413,42870,3,4,742848,13,6
1414,42873,6,3,1206766,18,5
1415,42873,4,4,896969,23,9
1416,42873,4,4,834394,37,5
1417,42873,6,3,1137866,5,1
1418,42873,6,3,520521,4,8
1419,42873,5,4,1300276,42,1
1420,42873,3,3,1040871,45,5
1421,42874,5,4,1584856,16,8
1422,42874,1,2,1132230,26,6
1423,42875,1,3,1240400,20,2
1424,42875,2,4,1583785,38,9
1425,42875,1,4,516159,34,10
1426,42876,4,3,467410,10,8
1427,42876,1,2,2228439,45,1
1428,42876,4,3,1539135,12,9
1429,42877,2,1,1046800,24,4
1430,42877,5,1,416430,13,7
1431,42877,6,4,1792128,26,4
1432,42877,4,4,264438,16,10
1433,42878,5,3,1610973,13,3
1434,42879,1,3,572984,1,7
1435,42879,4,2,548000,17,3
1436,42879,5,1,1428350,18,8
1437,42879,5,4,1435239,21,6
1438,42880,1,1,1001376,20,3
1439,42880,5,2,1306664,40,10
1440,42880,1,2,1504755,44,9
1441,42881,5,3,2116251,3,10
1442,42881,5,4,1496320,5,8
1443,42881,4,3,672257,2,4
1444,42881,6,1,958392,12,2
1445,42881,6,4,585812,1,5
1446,42882,1,3,470988,29,1
1447,42883,3,4,567072,29,3
1448,42883,3,1,1579012,3,5
1449,42884,6,2,706690,41,3
1450,42884,4,4,499698,41,10
1451,42885,4,4,1779435,2,7
1452,42886,5,2,455000,19,2
1453,42887,4,1,1687836,1,8
1454,42887,6,3,1605374,11,1
1455,42887,4,3,1047774,17,10
1456,42888,3,3,2190752,45,6
1457,42888,3,1,496806,29,2
1458,42888,1,2,1691085,18,9
1459,42888,5,2,456532,7,10
1460,42889,3,2,1039452,1,10
1461,42889,2,2,563085,21,4
1462,42889,6,1,471440,44,6
1463,42890,1,3,1591584,34,6
1464,42890,4,2,1393157,3,3
1465,42891,6,3,525454,38,7
1466,42891,4,4,802428,47,6
1467,42892,4,1,2333097,2,9
1468,42892,3,3,1297686,37,4
1469,42892,4,1,419256,44,1
1470,42892,5,3,2690954,24,3
1471,42892,4,3,485013,45,10
1472,42893,1,1,1250952,21,2
1473,42893,6,4,1955340,2,3
1474,42894,4,3,2549313,14,6
1475,42894,4,3,216187,32,2
1476,42894,1,1,2172232,39,8
1477,42895,1,2,364270,37,8
1478,42895,4,3,1504301,14,2
1479,42896,5,3,417231,16,5
1480,42896,3,4,1053628,32,8
1481,42896,2,3,1344933,32,3
1482,42896,4,4,868367,2,6
1483,42896,3,4,368384,19,2
1484,42896,1,4,2677590,25,6
1485,42897,3,4,1484028,2,5
1486,42898,2,2,1121906,17,7
1487,42898,4,1,537915,40,7
1488,42898,4,4,704476,12,6
1489,42898,4,1,1323792,13,10
1490,42899,1,4,691712,27,3
1491,42899,3,2,1241034,45,6
1492,42899,6,3,1405305,8,2
1493,42899,5,3,1001750,36,6
1494,42900,4,3,1471320,19,10
1495,42900,4,2,1590010,15,1
1496,42901,4,1,2520904,21,5
1497,42901,6,3,880075,37,9
1498,42901,4,2,256630,34,4
1499,42902,5,4,1084300,44,1
1500,42903,5,1,595750,17,6
1501,42904,4,1,317044,33,2
1502,42904,5,2,1175160,27,8
1503,42904,5,1,977011,46,3
1504,42904,5,2,778430,34,3
1505,42905,4,3,220148,5,10
1506,42905,4,2,2512640,12,7
1507,42905,1,3,716260,21,8
1508,42905,4,2,2594780,30,5
1509,42905,6,2,2180628,42,6
1510,42905,1,3,763329,13,9
1511,42906,6,1,1587063,43,8
1512,42906,4,2,2419209,16,7
1513,42907,6,1,987040,3,7
1514,42907,4,2,781000,17,8
1515,42909,6,1,1689000,44,3
1516,42910,5,1,805714,1,9
1517,42911,4,2,1217501,42,10
1518,42911,2,2,1456999,34,1
1519,42911,6,1,659858,33,1
1520,42911,2,1,999950,42,3
1521,42912,4,4,399143,4,7
1522,42912,4,4,306120,13,7
1523,42912,2,1,1454232,1,2
1524,42912,6,3,880380,20,2
1525,42913,2,3,2283372,39,5
1526,42913,3,2,586908,30,1
1527,42913,1,3,400600,19,3
1528,42913,3,2,1132608,6,9
1529,42913,3,2,1257075,3,8
1530,42913,6,3,480240,11,6
1531,42914,2,1,2325766,31,10
1532,42914,6,2,1542580,29,8
1533,42914,2,2,540452,4,10
1534,42915,2,4,1742293,28,5
1535,42917,4,3,456756,21,3
1536,42917,1,2,361759,14,2
1537,42917,6,4,1035826,39,6
1538,42917,5,2,1405852,27,7
1539,42917,3,3,850368,44,1
1540,42918,4,3,2223919,28,2
1541,42919,2,1,1045816,33,10
1542,42919,5,3,2401083,2,7
1543,42919,3,2,381494,45,5
1544,42919,1,1,1573493,38,3
1545,42919,3,1,866008,9,3
1546,42920,6,2,1294110,14,7
1547,42920,6,4,1258534,5,6
1548,42921,4,4,330885,44,4
1549,42921,3,3,519259,3,1
1550,42922,6,4,804144,49,6
1551,42922,4,2,944385,25,10
1552,42923,1,4,436428,32,2
1553,42924,6,4,859040,44,1
1554,42924,4,4,618786,5,1
1555,42925,4,4,708840,33,3
1556,42925,6,3,1388238,21,8
1557,42925,2,4,1582845,13,4
1558,42926,4,3,830648,40,5
1559,42926,6,2,824688,5,7
1560,42927,4,2,1074921,44,10
1561,42928,4,4,1823406,49,6
1562,42928,2,2,583638,22,1
1563,42928,4,2,1881810,16,9
1564,42928,1,1,1983840,13,5
1565,42929,6,3,533840,35,4
1566,42929,6,1,706440,11,9
1567,42929,3,3,2057496,2,3
1568,42930,6,1,2005080,20,9
1569,42930,3,3,2202837,1,7
1570,42930,1,4,347931,41,2
1571,42931,4,4,583692,22,2
1572,42931,2,4,1716300,35,10
1573,42931,2,4,1271388,30,2
1574,42931,6,4,1699719,36,3
1575,42932,5,4,1620575,29,1
1576,42933,6,1,2207286,47,10
1577,42933,6,3,1186560,35,6
1578,42933,2,2,1723040,33,5
1579,42933,4,3,1207101,3,8
1580,42934,6,3,786830,16,7
1581,42934,4,3,2224917,20,4
1582,42934,1,1,2463021,19,8
1583,42935,4,2,1832100,46,10
1584,42935,5,2,916418,47,7
1585,42935,4,2,1026774,43,7
1586,42935,5,3,1447434,28,5
1587,42936,1,1,478639,39,5
1588,42936,2,2,2170945,19,3
1589,42936,4,1,1607487,35,8
1590,42936,4,1,682168,25,8
1591,42937,1,3,1627920,49,1
1592,42937,1,4,1107864,45,4
1593,42937,4,3,562947,28,2
1594,42938,2,2,568880,5,10
1595,42938,1,1,645408,46,9
1596,42938,4,4,2133120,43,10
1597,42939,1,1,1656064,45,3
1598,42939,5,2,1606206,10,7
1599,42939,4,2,1311730,43,2
1600,42940,3,1,764370,10,2
1601,42941,5,1,1309544,28,6
1602,42941,2,3,756355,28,2
1603,42941,6,4,687720,23,10
1604,42942,4,3,807048,44,9
1605,42943,4,4,1301560,21,7
1606,42944,6,4,1951328,45,6
1607,42944,1,1,437674,10,8
1608,42945,3,4,740731,37,4
1609,42945,2,1,563255,40,4
1610,42945,6,1,2292465,8,1
1611,42946,4,3,692037,49,3
1612,42947,3,1,2110900,47,1
1613,42947,5,2,690396,15,5
1614,42947,4,3,960032,28,7
1615,42947,3,2,399488,7,9
1616,42947,3,1,757260,19,6
1617,42947,6,1,685592,43,7
1618,42948,2,3,990360,44,9
1619,42948,4,2,1477410,34,6
1620,42948,1,2,375592,47,2
1621,42948,4,2,1658800,5,1
1622,42948,5,3,1782683,26,1
1623,42948,5,4,286747,5,3
1624,42948,3,3,281548,42,1
1625,42949,3,1,328646,5,6
1626,42949,2,4,1209216,5,6
1627,42950,1,4,1202705,10,8
1628,42950,1,2,2440449,27,6
1629,42950,1,1,942579,42,8
1630,42950,4,3,349623,10,3
1631,42951,2,4,1900200,41,6
1632,42951,3,3,404352,14,10
1633,42951,4,1,1522977,23,9
1634,42951,5,2,739864,44,2
1635,42952,6,4,1669250,4,8
1636,42952,4,2,1448384,17,6
1637,42952,1,4,829808,7,4
1638,42952,6,2,1156808,45,3
1639,42953,1,1,2155200,28,6
1640,42953,1,3,1297134,36,1
1641,42953,3,1,552513,14,8
1642,42954,5,1,2667816,24,10
1643,42954,6,3,1246050,18,5
1644,42954,2,4,2384954,12,2
1645,42954,4,2,958132,38,2
1646,42955,1,2,1147608,17,9
1647,42956,2,3,2888325,24,8
1648,42956,4,3,545986,32,5
1649,42958,2,4,906780,46,5
1650,42958,4,3,293037,47,6
1651,42958,1,1,592823,6,2
1652,42959,4,2,601398,4,4
1653,42959,6,1,761928,33,1
1654,42959,3,1,804327,18,9
1655,42959,2,4,375232,42,3
1656,42959,3,1,411669,33,1
1657,42960,4,4,358670,28,9
1658,42960,1,4,1643256,36,1
1659,42960,4,4,1069640,30,8
1660,42960,4,1,1926868,13,5
1661,42961,3,4,509356,4,10
1662,42961,6,1,1423007,9,1
1663,42962,1,4,986048,18,10
1664,42963,3,2,2233120,6,4
1665,42963,5,1,2275994,23,8
1666,42963,3,1,442635,12,10
1667,42966,2,4,843106,43,1
1668,42966,3,1,872204,15,6
1669,42967,3,2,1933372,18,3
1670,42967,2,3,1499889,38,1
1671,42968,5,3,1707224,42,3
1672,42969,3,2,1789214,8,7
1673,42970,5,1,1509710,42,9
1674,42970,4,2,2290046,17,2
1675,42970,6,3,2045304,19,2
1676,42971,3,3,2181353,27,2
1677,42971,5,1,2625600,3,7
1678,42971,3,1,474864,38,6
1679,42971,3,4,663845,16,5
1680,42971,6,1,615440,33,7
1681,42972,4,2,1459192,29,4
1682,42972,4,2,1441070,26,4
1683,42972,4,3,552773,11,10
1684,42972,5,2,1932448,43,2
1685,42972,6,4,1191260,5,7
1686,42972,6,1,765815,49,2
1687,42973,1,2,700854,41,7
1688,42973,6,1,1923516,47,7
1689,42973,6,2,581580,45,10
1690,42974,1,2,681884,26,2
1691,42974,4,3,785628,5,1
1692,42974,2,1,391950,4,8
1693,42974,4,1,2171327,15,8
1694,42975,2,2,1826825,16,5
1695,42975,4,2,1234048,4,5
1696,42975,5,4,1473982,42,5
1697,42976,5,2,1143412,3,4
1698,42977,5,4,1333593,45,4
1699,42978,5,4,1558430,42,7
1700,42978,1,4,1150128,40,4
1701,42978,6,4,1517285,17,7
1702,42979,5,1,840312,34,6
1703,42981,5,1,2171520,1,1
1704,42981,5,4,827057,7,9
1705,42981,2,3,1429020,29,3
1706,42981,5,3,2026404,9,2
1707,42982,6,3,938916,18,10
1708,42982,4,3,1762180,45,6
1709,42982,1,4,842683,35,9
1710,42982,2,4,2074000,41,10
1711,42983,2,4,1424436,13,9
1712,42983,1,1,907580,28,1
1713,42984,6,2,1333434,49,5
1714,42984,4,4,617652,26,10
1715,42984,5,3,526800,17,9
1716,42984,3,3,1031305,26,10
1717,42984,1,3,824517,25,3
1718,42984,2,4,1911424,2,3
1719,42985,5,1,747659,6,6
1720,42985,2,4,1668526,40,6
1721,42985,3,1,994750,46,2
1722,42985,6,3,2478000,5,1
1723,42985,3,1,1201462,46,7
1724,42985,1,3,1798470,15,1
1725,42986,2,4,943805,12,8
1726,42986,3,1,1931658,33,5
1727,42986,5,3,2028164,2,2
1728,42986,6,3,1602720,18,6
1729,42986,4,3,1230990,11,8
1730,42987,3,3,1490114,47,2
1731,42987,1,3,2143922,26,6
1732,42987,3,4,415866,21,6
1733,42988,5,4,864080,18,9
1734,42988,3,4,974956,24,1
1735,42989,1,2,1430352,47,7
1736,42989,5,3,1043856,43,2
1737,42989,6,4,707914,47,4
1738,42989,4,3,948600,42,7
1739,42991,2,2,838292,23,2
1740,42991,2,3,598705,32,1
1741,42991,3,3,441373,39,1
1742,42992,1,2,428190,49,3
1743,42992,4,2,2630336,34,3
1744,42992,6,3,425646,30,2
1745,42992,4,3,641520,11,9
1746,42994,1,4,1540140,8,5
1747,42995,6,2,2183760,23,9
1748,42996,6,4,656676,17,4
1749,42996,6,3,873546,45,10
1750,42996,2,2,474084,37,8
1751,42996,1,2,1758786,2,1
1752,42996,6,3,803300,37,1
1753,42996,4,3,1129980,24,9
1754,42996,6,1,433235,31,2
1755,42997,4,4,1305304,44,6
1756,42999,3,1,613275,19,2
1757,42999,4,3,878424,45,6
1758,42999,1,1,403401,19,7
1759,43000,4,3,2133472,38,5
1760,43000,2,4,683844,13,10
1761,43001,6,1,1689316,49,2
1762,43001,4,2,1514057,9,7
1763,43002,2,2,678132,27,6
1764,43002,6,4,911064,45,9
1765,43004,5,4,490897,39,1
1766,43004,3,4,2299374,1,3
1767,43004,1,1,764240,27,5
1768,43005,4,4,409378,2,5
1769,43006,3,3,549668,33,4
1770,43006,6,4,878712,4,2
1771,43006,2,3,1779825,26,6
1772,43006,5,1,644688,46,4
1773,43006,4,4,850476,9,3
1774,43006,4,1,1033515,35,3
1775,43006,2,2,446313,23,4
1776,43006,1,3,2215117,16,9
1777,43007,2,2,1512738,37,8
1778,43007,2,4,1929228,31,9
1779,43007,4,4,613496,45,10
1780,43007,4,4,979560,28,3
1781,43007,7,4,264385,1,6
1782,43007,4,4,1146552,47,3
1783,43008,6,1,1506300,45,8
1784,43008,1,2,809115,20,9
1785,43008,3,3,257725,7,8
1786,43008,4,1,359406,20,1
1787,43008,1,3,2669472,27,4
1788,43008,1,2,658835,34,1
1789,43009,3,2,749275,9,4
1790,43009,2,2,2184364,30,5
1791,43009,3,2,1747392,2,9
1792,43010,2,4,804540,30,6
1793,43010,4,4,1753052,25,8
1794,43010,2,2,970314,4,4
1795,43010,3,4,1420160,27,4
1796,43011,4,2,1811680,32,7
1797,43011,4,1,882420,12,4
1798,43011,2,4,1522998,47,5
1799,43011,3,1,2249576,6,2
1800,43011,5,1,1319520,31,7
1801,43011,6,3,1204722,36,1
1802,43012,3,4,909606,34,10
1803,43012,4,1,2378453,44,10
1804,43012,4,4,857936,36,9
1805,43012,4,4,1963104,25,2
1806,43013,5,3,1133352,45,7
1807,43014,2,2,1244056,11,9
1808,43014,2,1,735945,17,8
1809,43016,2,2,1382707,35,3
1810,43016,5,4,480384,47,8
1811,43017,3,1,1473180,27,8
1812,43017,3,4,945624,29,1
1813,43017,2,2,2010312,23,2
1814,43017,2,4,346192,3,7
1815,43017,2,2,686232,46,2
1816,43017,5,3,1050000,31,6
1817,43018,5,2,368676,34,2
1818,43018,2,1,2063460,30,6
1819,43018,4,1,1605730,1,1
1820,43019,5,1,497272,16,4
1821,43019,4,2,1556226,33,9
1822,43020,4,2,437640,32,6
1823,43020,1,4,2334123,12,6
1824,43020,2,1,2136184,25,2
1825,43020,6,2,2390750,39,1
1826,43021,4,4,994536,33,2
1827,43021,3,2,1169860,9,1
1828,43021,2,4,1687604,3,2
1829,43022,5,1,724563,45,6
1830,43022,3,1,1867692,29,6
1831,43022,3,3,991224,46,1
1832,43023,6,1,1284568,23,8
1833,43023,6,1,388583,20,2
1834,43023,4,2,1182053,31,4
1835,43024,3,3,511840,49,3
1836,43025,1,4,745864,43,2
1837,43025,1,1,237176,44,1
1838,43025,4,3,1642664,41,5
1839,43026,4,2,2475510,12,7
1840,43027,4,4,1544496,43,2
1841,43027,2,3,452417,2,1
1842,43027,5,1,2299208,26,10
1843,43027,5,3,955500,9,9
1844,43028,1,3,658157,6,1
1845,43030,4,3,938836,10,8
1846,43031,2,1,1597360,12,4
1847,43032,3,3,1499134,35,6
1848,43032,3,2,1327606,5,2
1849,43033,4,2,781120,49,10
1850,43033,1,4,991900,36,6
1851,43033,1,3,957582,21,9
1852,43033,6,2,1421060,38,9
1853,43033,5,4,1422624,37,10
1854,43033,4,4,1878954,38,6
1855,43034,4,2,1263040,45,6
1856,43034,4,2,2467960,6,10
1857,43035,2,1,2394204,34,7
1858,43035,1,1,536733,5,6
1859,43036,4,2,1883088,39,10
1860,43037,3,2,2083779,45,9
1861,43038,4,1,1944840,3,10
1862,43038,1,4,2221329,5,5
1863,43038,4,3,417872,22,8
1864,43038,3,2,304113,41,7
1865,43039,4,1,299407,17,8
1866,43039,4,1,540890,34,6
1867,43039,1,3,514596,14,10
1868,43040,4,2,667299,12,5
1869,43040,6,2,1074332,40,3
1870,43040,4,2,1895293,42,3
1871,43041,3,2,523481,16,5
1872,43041,5,2,1644747,30,6
1873,43041,1,3,1162172,18,6
1874,43043,6,1,706560,1,9
1875,43043,3,1,589155,41,3
1876,43044,2,1,1370998,34,7
1877,43044,3,3,1093887,45,9
1878,43044,2,2,974610,35,3
1879,43044,6,3,265913,43,2
1880,43044,3,2,912798,4,9
1881,43045,6,3,1174203,3,7
1882,43045,4,1,1713990,3,1
1883,43045,1,2,1508988,27,7
1884,43046,2,4,2216214,9,7
1885,43048,4,3,1300500,35,5
1886,43048,3,2,2333058,41,6
1887,43049,1,4,692484,12,4
1888,43049,4,3,392972,24,3
1889,43049,6,1,341584,44,4
1890,43049,3,3,2070750,26,4
1891,43049,2,4,499735,15,4
1892,43049,5,3,1380764,19,10
1893,43049,3,4,526680,1,7
1894,43050,1,2,426880,4,6
1895,43050,4,1,1720320,49,5
1896,43050,3,1,804683,26,4
1897,43051,3,4,421290,10,4
1898,43052,4,1,1179957,2,4
1899,43052,5,4,878940,27,5
1900,43052,2,3,1116587,4,10
1901,43053,6,3,917378,45,8
1902,43053,4,1,431275,27,8
1903,43055,1,4,1213505,15,10
1904,43055,3,3,1601600,6,8
1905,43055,2,1,756900,30,7
1906,43056,2,3,416430,44,6
1907,43056,4,3,501380,29,7
1908,43057,1,1,472668,22,3
1909,43057,1,3,508606,28,6
1910,43057,4,3,1179190,3,1
1911,43057,4,4,1059827,45,6
1912,43058,5,2,783370,10,7
1913,43058,5,3,1926344,15,1
1914,43058,2,1,914641,42,2
1915,43058,5,1,1736901,31,6
1916,43058,3,1,2323868,10,8
1917,43059,2,3,426010,30,4
1918,43059,1,2,301815,23,3
1919,43059,3,3,363968,14,5
1920,43059,4,2,2347137,42,3
1921,43060,3,2,655893,18,4
1922,43060,4,3,1360523,24,5
1923,43060,4,3,1276289,18,9
1924,43061,1,3,2613405,40,1
1925,43061,5,4,1817736,46,8
1926,43061,4,2,557127,21,8
1927,43062,1,2,187680,6,1
1928,43062,6,3,1674903,40,4
1929,43062,6,2,854496,21,7
1930,43062,5,3,1539252,7,1
1931,43063,4,3,1228320,12,10
1932,43063,2,2,795696,11,8
1933,43063,5,4,1688040,24,3
1934,43064,5,3,1021230,2,5
1935,43064,5,3,405280,37,3
1936,43064,6,4,1780350,41,4
1937,43064,4,2,1265992,2,7
1938,43065,2,3,783860,35,3
1939,43065,5,2,693631,37,8
1940,43066,5,2,941154,21,1
1941,43066,4,1,1701080,23,10
1942,43066,3,2,747947,36,4
1943,43067,3,1,1406563,22,3
1944,43067,2,2,1527120,12,7
1945,43069,2,1,1545720,35,6
1946,43069,6,4,2147112,39,9
1947,43069,6,1,1189936,13,9
1948,43070,4,4,1685904,45,4
1949,43071,6,4,693515,47,9
1950,43071,5,4,324213,38,5
1951,43071,5,2,753786,4,5
1952,43072,4,1,1341684,11,9
1953,43072,1,2,2103000,21,3
1954,43072,5,1,1346136,9,5
1955,43073,4,4,753900,19,10
1956,43073,5,2,1028382,11,3
1957,43074,3,4,2868470,28,5
1958,43075,1,1,1536832,34,2
1959,43075,4,3,1002211,33,8
1960,43075,5,3,2446962,42,1
1961,43075,4,4,807120,37,4
1962,43077,4,4,2203166,22,1
1963,43078,3,3,536679,10,5
1964,43079,6,2,804344,47,3
1965,43079,1,1,293949,28,5
1966,43079,2,4,270996,28,8
1967,43080,4,1,2046384,21,8
1968,43081,2,1,1732446,32,3
1969,43082,6,4,1842785,34,3
1970,43082,4,4,856692,25,3
1971,43082,3,2,857925,37,8
1972,43083,4,3,814968,2,8
1973,43083,1,2,490507,13,9
1974,43083,1,2,387828,41,5
1975,43083,4,4,907137,15,9
1976,43083,2,4,1393095,38,6
1977,43084,2,3,1395387,33,3
1978,43085,4,3,696762,45,9
1979,43086,5,4,2136288,38,5
1980,43086,2,1,2671748,21,7
1981,43086,2,2,425565,41,10
1982,43087,6,4,1036392,33,7
1983,43087,4,4,2390634,7,4
1984,43087,3,3,701250,3,2
1985,43087,6,3,2789428,5,5
1986,43087,3,4,940500,39,1
1987,43087,1,2,875978,38,10
1988,43088,5,2,1770930,41,4
1989,43088,4,4,2548584,28,9
1990,43088,4,3,2021880,11,10
1991,43088,3,3,2456958,29,7
1992,43088,5,1,984144,37,5
1993,43089,2,2,2110342,38,1
1994,43089,4,2,651192,33,10
1995,43089,2,4,2263626,41,4
1996,43089,5,3,1642584,21,8
1997,43089,4,3,1058840,43,6
1998,43090,2,3,2303928,41,3
1999,43090,6,3,1693710,12,4
2000,43091,3,3,456672,17,4
2001,43091,4,4,1348055,20,1
2002,43091,4,4,1653852,23,8
2003,43092,6,3,1432500,10,7
2004,43092,3,4,296856,23,6
2005,43092,5,1,629628,28,10
2006,43093,1,2,1774528,6,8
2007,43093,3,4,402462,21,8
2008,43093,4,4,1401361,33,8
2009,43093,1,3,927627,26,3
2010,43093,6,4,1040746,40,1
2011,43094,3,1,1555813,28,6
2012,43096,6,3,924866,42,7
2013,43096,4,1,740211,17,6
2014,43096,3,2,2029607,5,4
2015,43096,1,2,1407726,29,4
2016,43097,4,2,2815292,40,9
2017,43097,1,4,1329968,15,1
2018,43098,5,4,545925,40,6
2019,43098,1,3,1347420,38,9
2020,43098,6,1,322960,24,2
2021,43098,3,1,873000,12,10
2022,43099,5,3,588756,38,3
2023,43099,2,2,763233,21,3
2024,43099,4,2,2471249,1,1
2025,43099,2,1,1499678,15,5
2026,43100,3,4,1109808,27,5
2027,43100,5,2,368959,30,10
2028,43100,2,4,680760,5,9
2029,43100,2,4,1176209,26,8
2030,43100,4,4,2219468,5,2
2031,43100,1,1,1450425,4,6
2032,43100,5,2,616192,39,8
2033,43100,4,2,1247750,11,8
2034,43102,4,2,761047,26,8
2035,43102,5,1,1809140,46,6
2036,43102,1,4,446940,14,7
2037,43103,2,4,700700,1,3
2038,43103,2,4,2107784,22,4
2039,43103,1,4,1139076,1,3
2040,43104,3,1,2014110,21,10
2041,43104,5,3,823200,32,6
2042,43105,4,4,539280,3,5
2043,43105,4,2,2346400,44,4
2044,43105,4,1,567742,42,1
2045,43106,6,3,1792560,46,2
2046,43106,5,2,2331648,30,2
2047,43106,6,4,2053005,41,6
2048,43107,2,3,1102280,42,8
2049,43107,4,4,1856525,15,2
2050,43107,4,4,1741320,22,5
2051,43108,1,3,1275560,10,1
2052,43108,5,2,386036,13,4
2053,43108,3,2,1730675,35,6
2054,43108,3,3,1568697,40,6
2055,43108,5,4,1196465,5,6
2056,43109,6,2,2462280,33,5
2057,43109,5,4,419256,47,8
2058,43110,5,3,1184376,44,5
2059,43110,3,4,738430,8,6
2060,43110,3,4,1437408,39,3
2061,43110,4,1,1615851,14,2
2062,43110,2,1,466722,11,4
2063,43110,4,4,1450556,31,4
2064,43111,5,4,1331856,42,7
2065,43111,4,3,873200,38,3
2066,43111,2,2,1461570,10,4
2067,43111,3,1,562827,38,3
2068,43111,2,1,2494410,35,9
2069,43112,3,4,1685132,8,1
2070,43112,4,4,2399040,27,5
2071,43112,3,1,2487712,15,2
2072,43112,4,4,808170,5,9
2073,43112,4,2,2030783,6,5
2074,43113,5,4,363280,9,3
2075,43113,2,1,1355365,2,8
2076,43114,6,4,1074675,9,1
2077,43114,5,1,2398008,9,9
2078,43114,3,4,609342,37,1
2079,43114,5,4,1411969,9,2
2080,43115,4,2,2049606,43,6
2081,43115,2,2,500610,22,7
2082,43116,6,3,938562,35,10
2083,43116,6,2,2245203,5,3
2084,43116,1,2,1422220,22,1
2085,43116,5,2,2387832,31,1
2086,43117,2,2,1428480,13,8
2087,43117,1,4,2119735,45,6
2088,43118,5,1,674276,22,6
2089,43118,4,3,255061,11,4
2090,43118,4,1,1104846,3,7
2091,43120,4,1,1298403,5,6
2092,43120,4,2,472685,45,9
2093,43120,5,3,1182841,24,5
2094,43120,4,2,1427118,9,3
2095,43120,2,1,272880,3,6
2096,43120,2,1,831316,40,1
2097,43120,2,3,1469460,38,9
2098,43121,3,2,1133199,24,4
2099,43121,2,1,1247760,3,5
2100,43121,4,1,727680,38,3
2101,43121,6,3,1522840,1,9
2102,43121,2,3,1489911,10,8
2103,43122,4,3,1447509,16,7
2104,43122,3,4,1970874,8,1
2105,43122,3,1,1438827,36,6
2106,43122,1,3,1440540,26,7
2107,43122,5,1,816228,18,6
2108,43123,3,3,1197485,36,3
2109,43123,4,1,528892,49,5
2110,43123,4,4,1528254,1,2
2111,43123,3,1,2233899,7,3
2112,43123,1,3,709560,5,8
2113,43123,3,1,2111472,8,2
2114,43124,3,1,656744,18,2
2115,43125,4,3,1713992,38,1
2116,43125,1,3,1355046,20,10
2117,43126,4,1,748790,9,4
2118,43126,5,1,1285842,20,5
2119,43126,4,2,509600,2,2
2120,43127,3,2,378900,9,8
2121,43127,5,3,810186,26,9
2122,43127,3,2,757434,41,9
2123,43128,2,4,550816,2,3
2124,43129,1,1,475171,11,7
2125,43129,4,4,650750,3,9
2126,43129,6,4,2381400,39,8
2127,43129,6,1,1409546,20,4
2128,43130,1,1,2181432,44,1
2129,43130,4,4,1286766,19,10
2130,43130,6,1,928368,49,6
2131,43130,3,3,1820448,19,7
2132,43131,4,3,1482810,6,1
2133,43131,4,4,190280,39,9
2134,43131,1,1,2290545,15,7
2135,43132,5,3,1709037,22,1
2136,43132,6,3,669664,38,8
2137,43132,2,3,1204200,37,4
2138,43132,1,2,1041120,6,10
2139,43133,5,1,1140876,5,10
2140,43133,6,1,1315126,24,5
2141,43134,5,1,272545,20,2
2142,43134,4,3,808192,10,4
2143,43134,1,3,536672,31,9
2144,43135,6,3,1677728,49,3
2145,43135,3,3,224342,45,9
2146,43135,6,3,570760,29,3
2147,43135,4,4,682240,34,10
2148,43135,3,3,1747292,15,1
2149,43136,3,4,693244,11,5
2150,43136,5,4,1155436,45,1
2151,43137,2,1,303365,21,2
2152,43137,6,4,1298869,13,7
2153,43137,1,4,2001232,16,2
2154,43137,3,2,1539800,12,1
2155,43137,5,2,1949220,44,7
2156,43137,5,3,1627556,43,5
2157,43138,4,3,1522222,17,8
2158,43139,4,3,652896,27,5
2159,43139,3,4,1157544,10,8
2160,43140,6,3,734786,31,5
2161,43140,1,1,1511160,26,9
2162,43140,6,4,864248,32,3
2163,43140,6,1,1401822,31,3
2164,43140,3,3,506540,12,1
2165,43141,4,4,444299,45,4
2166,43142,1,2,1163542,18,3
2167,43143,4,4,1436211,36,5
2168,43143,6,3,481992,9,4
2169,43143,4,3,2069786,7,2
2170,43143,1,3,973764,41,2
2171,43144,5,4,636918,18,7
2172,43144,5,1,1733022,36,2
2173,43144,3,3,2331324,4,9
2174,43144,4,1,1541976,23,8
2175,43144,4,1,561132,47,6
2176,43144,4,3,1302720,6,5
2177,43145,4,4,366132,12,10
2178,43145,5,2,2108109,37,9
2179,43145,3,2,928243,30,8
2180,43145,6,3,673670,43,8
2181,43145,4,1,1140156,46,7
2182,43146,5,3,1031058,10,8
2183,43146,2,3,262185,45,2
2184,43146,4,3,839522,44,5
2185,43146,2,2,770968,42,10
2186,43148,1,4,1815336,39,7
2187,43148,5,3,342078,18,10
2188,43148,3,2,1660120,17,4
2189,43148,2,2,1647409,8,8
2190,43148,6,3,1912638,27,4
2191,43148,4,3,544896,45,1
2192,43149,4,1,1307250,15,8
2193,43149,1,4,2470000,15,1
2194,43149,2,3,1109262,5,7
2195,43150,4,1,850752,14,10
2196,43150,3,4,319616,43,3
2197,43150,3,1,800160,12,8
2198,43150,2,4,704770,42,4
2199,43150,5,3,982563,12,6
2200,43151,4,2,1586032,23,8
2201,43152,5,4,1598283,37,4
2202,43152,1,4,764505,16,2
2203,43152,7,3,443976,8,6
2204,43155,5,3,788697,4,3
2205,43155,5,1,685082,12,3
2206,43156,4,2,1002122,9,1
2207,43156,4,4,2577332,21,2
2208,43156,5,3,888900,46,9
2209,43157,3,3,1761200,23,5
2210,43157,2,1,1706400,18,5
2211,43157,2,1,1095146,12,3
2212,43157,2,4,1351196,26,2
2213,43158,4,2,493924,26,10
2214,43158,5,2,1882440,40,10
2215,43158,4,1,659316,15,2
2216,43159,7,2,657500,42,2
2217,43159,2,3,703950,45,10
2218,43159,4,4,1918728,6,10
2219,43159,3,1,697746,40,10
2220,43160,4,1,348720,19,7
2221,43160,1,2,1908286,45,4
2222,43160,5,2,1929198,22,8
2223,43160,6,2,927927,2,3
2224,43161,1,4,1996209,6,7
2225,43161,4,3,1552041,23,10
2226,43161,3,2,980934,31,4
2227,43162,4,2,732028,42,4
2228,43162,4,3,1463264,22,1
2229,43162,2,1,1177722,16,7
2230,43162,2,2,1205347,12,7
2231,43163,5,2,1510825,44,2
2232,43163,1,4,2257515,5,3
2233,43163,4,2,1202850,17,3
2234,43164,3,4,1191033,3,1
2235,43164,4,4,500836,49,5
2236,43164,6,3,1343844,7,9
2237,43164,5,3,1460224,30,1
2238,43164,7,1,1659833,3,9
2239,43165,3,3,1705712,28,7
2240,43165,7,2,503828,39,8
2241,43167,4,2,1930614,41,3
2242,43167,5,3,708792,26,3
2243,43167,6,4,446940,33,1
2244,43168,7,2,1159650,9,10
2245,43169,1,4,1489124,14,2
2246,43169,5,2,2175360,18,6
2247,43169,5,3,1331936,5,8
2248,43169,4,4,616044,11,10
2249,43170,4,2,1243699,15,2
2250,43170,5,4,343602,14,10
2251,43171,7,2,1219730,20,7
2252,43171,1,1,400512,4,3
2253,43172,6,3,1646556,2,7
2254,43172,3,3,603780,35,3
2255,43172,3,1,1171418,10,4
2256,43173,5,4,764115,20,4
2257,43173,6,2,1611708,32,8
2258,43174,1,4,358620,30,7
2259,43175,3,2,1413698,32,5
2260,43175,3,4,743265,43,7
2261,43176,5,1,435333,8,8
2262,43176,6,3,1685729,30,7
2263,43176,4,3,1550780,19,8
2264,43176,5,1,1456858,30,1
2265,43177,2,3,948832,39,4
2266,43177,3,2,2797050,19,10
2267,43177,2,4,776442,21,4
2268,43177,1,2,885998,36,4
2269,43179,5,3,867465,1,7
2270,43179,3,2,823150,23,9
2271,43179,2,2,1501650,8,10
2272,43180,2,3,926350,42,10
2273,43181,6,3,1396200,34,2
2274,43182,1,1,978120,9,5
2275,43182,4,3,461130,19,1
2276,43182,4,4,2145315,37,2
2277,43182,3,2,2034042,41,9
2278,43182,3,3,2427558,5,2
2279,43184,3,3,328482,8,4
2280,43184,1,3,1442460,38,5
2281,43184,4,4,1558036,21,8
2282,43185,4,3,385396,39,10
2283,43185,3,2,238014,38,10
2284,43185,2,2,433370,11,10
2285,43186,6,2,875336,11,5
2286,43186,2,1,780516,21,3
2287,43186,4,3,1690730,37,3
2288,43186,5,2,780148,20,1
2289,43187,5,4,882783,12,5
2290,43187,6,1,950891,30,10
2291,43187,6,2,1227937,38,2
2292,43187,4,4,1490930,6,8
2293,43188,2,3,828138,41,4
2294,43188,4,3,485520,39,9
2295,43188,2,4,1425690,32,5
2296,43188,4,3,746940,3,3
2297,43188,4,1,771292,8,3
2298,43188,3,3,733134,15,6
2299,43189,5,2,403727,31,2
2300,43189,3,3,1213312,13,9
2301,43189,4,3,1760920,39,8
2302,43190,4,3,978588,10,3
2303,43190,5,2,595660,5,4
2304,43191,2,4,779220,35,6
2305,43191,4,4,1071720,28,6
2306,43191,6,1,1267950,49,3
2307,43192,2,3,1405404,33,8
2308,43192,2,1,2598516,8,6
2309,43192,1,3,2236490,6,1
2310,43193,4,2,593352,33,9
2311,43193,4,2,770800,30,2
2312,43194,1,2,1189377,26,7
2313,43194,4,2,418610,32,7
2314,43194,4,4,1475136,23,6
2315,43194,2,1,412272,15,4
2316,43194,1,2,1789185,42,6
2317,43195,1,3,737635,37,2
2318,43195,4,3,809080,36,5
2319,43196,6,1,313537,25,8
2320,43196,3,3,704894,32,5
2321,43196,4,3,407044,20,7
2322,43196,4,4,402885,45,4
2323,43196,2,3,1058628,41,10
2324,43197,6,2,1400308,38,7
2325,43197,1,4,711199,33,10
2326,43197,4,2,729444,18,9
2327,43198,5,3,1240827,35,8
2328,43198,2,4,1276600,15,10
2329,43199,2,3,1772840,39,3
2330,43199,1,3,1026596,19,6
2331,43199,1,1,1901536,15,2
2332,43199,5,1,984780,11,9
2333,43200,5,1,973890,27,10
2334,43200,5,4,1781568,16,6
2335,43201,3,2,1944570,1,4
2336,43201,5,4,1192401,42,2
2337,43201,2,4,1826938,49,2
2338,43202,5,2,960960,28,3
2339,43203,2,1,958151,31,1
2340,43203,4,3,1670116,45,4
2341,43204,6,2,1282820,18,10
2342,43204,4,1,1386164,6,6
2343,43205,6,1,971100,9,5
2344,43207,3,2,1085160,13,3
2345,43207,3,4,673552,43,4
2346,43208,5,1,1258972,9,7
2347,43208,3,2,886215,4,6
2348,43208,4,1,652190,21,10
2349,43209,4,2,668322,3,10
2350,43209,3,1,433008,21,10
2351,43209,1,1,559206,18,8
2352,43209,2,3,1690164,24,2
2353,43209,3,4,745600,35,4
2354,43209,4,1,224304,6,5
2355,43209,4,4,1504823,13,6
2356,43210,1,2,1777866,25,3
2357,43210,5,2,622200,43,1
2358,43210,4,2,1567020,30,9
2359,43212,4,2,1363352,25,9
2360,43212,6,3,1203524,42,6
2361,43213,2,4,2136182,36,7
2362,43213,5,3,1359677,6,9
2363,43214,1,3,2398682,40,10
2364,43215,1,2,533680,6,1
2365,43215,2,3,1794807,3,4
2366,43215,1,3,1716390,25,6
2367,43216,2,3,2047761,12,8
2368,43216,4,1,1024698,9,2
2369,43216,6,1,464577,15,2
2370,43216,6,1,580800,9,1
2371,43216,4,1,2364390,23,2
2372,43217,2,2,1548800,42,1
2373,43217,6,4,1996000,16,6
2374,43218,6,1,1264310,13,10
2375,43218,2,2,686826,23,4
2376,43218,4,3,2813776,7,3
2377,43218,1,2,984369,8,10
2378,43219,2,4,1538256,20,1
2379,43219,6,4,1220454,45,4
2380,43219,6,3,1953742,28,5
2381,43219,1,2,1921260,43,5
2382,43220,4,4,749472,28,4
2383,43220,5,2,1002500,6,1
2384,43220,4,2,680043,3,5
2385,43220,5,4,1769644,12,5
2386,43220,6,1,1211184,9,4
2387,43221,4,2,1784580,10,10
2388,43222,1,1,594130,25,10
2389,43222,2,2,2281250,6,5
2390,43222,4,1,1853390,34,8
2391,43225,4,4,1591344,28,5
2392,43225,3,1,783380,21,7
2393,43226,6,3,2072692,34,4
2394,43226,5,2,708795,31,2
2395,43227,6,3,2585100,6,2
2396,43228,2,4,1602930,40,5
2397,43229,1,4,2001280,38,6
2398,43229,1,3,506184,27,2
2399,43229,6,3,729280,33,9
2400,43229,4,1,831896,4,5
2401,43230,2,2,2144448,12,6
2402,43230,4,1,360942,31,5
2403,43230,3,1,1819950,2,3
2404,43230,3,2,1356498,15,5
2405,43231,1,4,1371720,28,1
2406,43231,4,3,1840571,6,6
2407,43231,2,4,560170,17,7
2408,43231,6,3,817094,9,8
2409,43231,4,1,1790490,37,4
2410,43232,1,3,615663,29,1
2411,43232,5,3,1163388,16,7
2412,43233,2,2,1802993,36,7
2413,43233,4,3,499380,45,8
2414,43233,3,1,2203004,4,4
2415,43233,3,2,2200405,5,2
2416,43233,4,2,832529,7,4
2417,43234,2,2,1113016,41,6
2418,43235,5,2,853370,29,8
2419,43235,3,1,1214576,46,9
2420,43235,6,1,1099024,3,5
2421,43236,5,3,248283,35,9
2422,43236,5,3,2370200,19,2
2423,43237,3,2,1294176,6,8
2424,43237,3,4,1752975,27,7
2425,43237,4,4,2603190,35,6
2426,43237,4,2,2320565,37,2
2427,43238,1,4,928041,7,9
2428,43238,5,1,2268076,18,3
2429,43238,4,2,2682225,1,4
2430,43238,4,2,2037420,20,9
2431,43239,4,1,2303500,4,9
2432,43239,2,4,1699168,7,10
2433,43239,6,2,1315846,49,10
2434,43240,4,3,1112010,41,7
2435,43241,1,1,822625,10,5
2436,43242,4,2,380274,30,2
2437,43242,4,3,1927770,45,9
2438,43243,6,1,818505,25,2
2439,43243,6,4,379905,29,10
2440,43243,5,2,2336590,11,4
2441,43244,6,4,1381104,20,1
2442,43244,2,1,786320,13,4
2443,43244,6,2,1682260,18,2
2444,43245,3,3,795318,36,8
2445,43245,1,1,1466058,34,4
2446,43245,6,2,1162788,30,3
2447,43245,6,2,922200,29,4
2448,43246,2,3,328720,12,6
2449,43246,4,4,2203620,9,4
2450,43246,1,2,1524898,13,1
2451,43247,3,4,458640,16,5
2452,43247,4,1,825518,11,8
2453,43247,2,3,1438226,1,10
2454,43248,4,1,419250,4,10
2455,43248,4,3,1410370,9,9
2456,43248,4,4,916500,29,9
2457,43249,6,1,1305720,43,8
2458,43249,4,3,685368,21,8
2459,43249,4,1,1097010,36,5
2460,43250,4,4,2017268,15,2
2461,43250,1,2,1342278,43,8
2462,43250,6,1,1044762,4,2
2463,43251,6,2,1026300,28,7
2464,43251,4,3,1843694,44,9
2465,43251,5,1,1107028,17,3
2466,43251,3,3,696696,15,2
2467,43251,6,1,1705760,26,5
2468,43252,6,4,360696,38,5
2469,43252,4,4,1616680,41,8
2470,43252,1,2,616878,19,9
2471,43253,1,3,1126951,46,2
2472,43253,3,3,1068376,22,1
2473,43253,1,4,1251828,43,8
2474,43254,2,1,1199394,40,2
2475,43254,6,1,1344024,31,3
2476,43254,2,3,1397060,30,10
2477,43254,4,1,1363411,37,9
2478,43254,4,2,2353176,7,8
2479,43254,1,3,395879,38,10
2480,43254,1,3,405324,25,6
2481,43254,3,1,1637515,25,9
2482,43254,5,4,984915,2,10
2483,43255,5,2,1447316,14,9
2484,43255,2,1,1342278,23,5
2485,43255,5,3,2632500,44,9
2486,43256,4,2,1147585,43,8
2487,43256,4,2,378359,24,2
2488,43256,4,3,2380170,40,8
2489,43257,4,1,2211294,38,6
2490,43258,5,3,2693026,33,2
2491,43258,2,2,1368480,33,4
2492,43258,2,2,872280,22,6
2493,43258,5,3,1149897,36,9
2494,43259,4,2,745822,16,1
2495,43259,6,2,918652,22,8
2496,43259,6,4,701492,13,9
2497,43259,2,3,936187,1,2
2498,43259,6,4,1102500,42,8
2499,43259,2,1,1443750,47,4
2500,43259,3,4,1204005,14,6
2501,43259,4,2,2069529,1,5
2502,43261,4,3,422750,33,2
2503,43261,1,2,2717634,5,9
2504,43261,2,4,2090340,9,7
2505,43262,3,1,2235367,44,5
2506,43263,2,2,1027180,33,6
2507,43263,3,1,958563,6,6
2508,43263,4,2,1267452,6,10
2509,43264,5,3,1166860,45,7
2510,43264,4,4,954986,5,5
2511,43264,1,1,797215,33,1
2512,43264,6,3,2384480,1,9
2513,43265,4,4,887940,20,3
2514,43265,5,1,1083256,40,5
2515,43265,2,1,2030805,33,5
2516,43266,4,3,181170,13,1
2517,43266,2,2,2162160,20,10
2518,43266,4,3,1826024,39,4
2519,43268,3,1,413910,31,1
2520,43269,3,2,2250348,3,5
2521,43269,3,1,1736068,19,4
2522,43269,2,2,620218,18,6
2523,43269,4,4,1327669,47,4
2524,43270,5,3,885339,16,3
2525,43270,4,3,2198502,18,9
2526,43271,3,3,1010862,3,7
2527,43271,4,1,2458798,10,5
2528,43272,4,4,718266,13,1
2529,43272,4,4,1521615,5,5
2530,43272,1,4,797215,15,2
2531,43273,4,3,1253505,33,3
2532,43273,6,3,373032,3,5
2533,43273,1,1,912330,45,9
2534,43273,3,2,1087812,47,8
2535,43274,6,1,819621,23,5
2536,43275,6,2,1988702,32,2
2537,43276,6,2,320281,26,7
2538,43276,4,1,1504420,13,5
2539,43278,6,2,396780,37,8
2540,43278,4,2,536634,34,8
2541,43278,4,1,1844425,2,2
2542,43278,3,2,2849763,25,1
2543,43278,5,2,373106,35,4
2544,43279,5,4,774400,46,4
2545,43279,5,2,1691124,19,2
2546,43279,1,2,594698,47,5
2547,43279,1,1,1182636,3,6
2548,43280,5,2,1576380,38,1
2549,43280,1,3,1362984,9,2
2550,43280,1,4,1298947,45,1
2551,43280,4,3,1059916,29,4
2552,43281,5,1,517472,49,2
2553,43282,5,2,304288,44,3
2554,43282,5,4,2415325,35,5
2555,43282,4,4,2091144,39,2
2556,43282,3,4,1298500,15,9
2557,43283,1,4,1470185,8,5
2558,43284,5,4,1758964,30,5
2559,43284,2,2,546440,20,1
2560,43285,6,2,580856,42,10
2561,43285,6,2,350610,11,3
2562,43285,5,2,598320,6,5
2563,43286,6,4,1284045,9,3
2564,43286,2,2,766320,18,6
2565,43286,2,4,845370,8,4
2566,43287,3,4,654885,13,3
2567,43287,4,4,914839,29,1
2568,43288,4,1,503478,33,6
2569,43288,2,2,390400,25,3
2570,43288,1,4,512430,1,6
2571,43288,4,3,1127473,36,9
2572,43288,5,3,1154101,4,9
2573,43289,5,1,668748,39,5
2574,43289,1,4,2470912,33,4
2575,43291,3,1,409712,31,3
2576,43291,4,4,888941,30,10
2577,43291,6,1,2702220,46,7
2578,43292,6,3,879870,7,4
2579,43294,1,2,2189534,1,2
2580,43294,5,1,375243,40,6
2581,43294,3,2,1061710,9,5
2582,43294,4,2,889608,34,2
2583,43295,4,4,950615,22,10
2584,43295,4,4,1016964,7,8
2585,43295,6,2,1315648,10,9
2586,43296,4,1,1889748,12,3
2587,43296,4,4,1634373,1,2
2588,43296,5,4,1559054,31,1
2589,43296,5,4,949344,49,8
2590,43297,4,1,2682225,10,3
2591,43297,4,3,1359579,22,7
2592,43297,1,2,1076250,19,4
2593,43297,1,2,891849,1,9
2594,43298,2,1,1632930,26,6
2595,43298,3,2,1039380,5,4
2596,43299,3,4,1700994,40,4
2597,43299,4,2,489600,31,10
2598,43299,3,4,659022,44,9
2599,43300,4,1,1626779,39,8
2600,43300,1,4,485824,49,2
2601,43300,1,2,1021000,39,9
2602,43301,3,1,1095860,37,6
2603,43301,1,2,497546,11,9
2604,43302,3,4,670208,47,5
2605,43302,6,1,1550456,27,10
2606,43302,6,3,1431891,38,3
2607,43303,6,1,1899690,10,5
2608,43303,1,1,931104,45,10
2609,43304,1,2,714999,15,2
2610,43305,3,4,1365936,43,5
2611,43305,1,3,1064301,16,10
2612,43305,3,2,598195,31,9
2613,43306,4,4,2618364,43,3
2614,43306,1,3,1844282,32,9
2615,43306,4,4,2199995,20,10
2616,43306,1,1,1170300,4,9
2617,43307,4,4,610740,15,9
2618,43307,5,1,769860,43,9
2619,43308,2,4,867783,21,2
2620,43309,4,1,688092,24,9
2621,43309,4,3,1476534,13,7
2622,43309,3,1,2874207,39,7
2623,43309,1,1,1002348,46,2
2624,43309,6,3,395096,19,1
2625,43310,2,3,1232927,4,5
2626,43310,4,2,515555,44,9
2627,43311,4,2,1202537,41,7
2628,43311,1,1,1732233,44,8
2629,43311,4,3,1706280,45,6
2630,43312,1,3,395751,7,3
2631,43312,6,1,1776555,41,4
2632,43313,5,1,1527618,41,1
2633,43313,6,3,880440,6,5
2634,43315,4,2,1994382,46,8
2635,43315,6,3,2211979,1,7
2636,43316,1,4,1673607,15,8
2637,43316,1,2,1422537,7,5
2638,43317,3,2,696169,37,1
2639,43317,1,2,1456322,32,3
2640,43317,2,3,596778,17,10
2641,43317,3,2,1053227,37,8
2642,43317,5,1,2171950,7,4
2643,43318,4,1,1233000,42,7
2644,43318,5,4,2205240,26,1
2645,43319,4,1,1341656,7,7
2646,43320,3,3,1984808,6,4
2647,43320,5,4,1705320,20,10
2648,43320,2,4,1772540,49,1
2649,43320,4,2,1093456,30,6
2650,43320,6,3,1324125,46,9
2651,43321,5,4,1199394,36,1
2652,43322,2,3,957264,28,5
2653,43322,1,4,643060,33,7
2654,43322,6,2,2909412,45,10
2655,43322,4,1,891136,24,5
2656,43322,3,4,733236,16,2
2657,43323,3,4,1622400,37,10
2658,43323,1,3,1473219,21,1
2659,43323,3,3,395149,23,5
2660,43324,4,3,563762,43,9
2661,43325,3,2,557604,1,7
2662,43326,2,1,954249,24,3
2663,43326,4,2,1041448,6,6
2664,43328,1,1,1165548,46,8
2665,43330,5,2,336043,41,4
2666,43330,3,4,2539236,37,10
2667,43330,1,1,853494,45,8
2668,43330,6,3,554148,40,4
2669,43331,5,2,889350,20,6
2670,43331,4,4,1694630,17,2
2671,43331,1,1,925749,11,3
2672,43331,2,4,996096,4,7
2673,43331,1,4,380280,47,5
2674,43332,4,4,760854,17,1
2675,43332,6,4,219145,45,2
2676,43332,6,2,2574558,40,10
2677,43333,4,1,1114940,46,6
2678,43333,4,3,1793695,4,3
2679,43334,6,2,326598,47,8
2680,43334,2,3,1096452,20,4
2681,43335,1,4,531493,5,2
2682,43335,4,1,1971501,13,9
2683,43335,1,4,307744,13,4
2684,43336,4,4,506252,27,2
2685,43336,6,2,498560,12,5
2686,43337,4,3,1277381,33,4
2687,43337,6,4,1287428,23,5
2688,43337,1,2,1230240,32,6
2689,43337,6,2,2173169,27,2
2690,43338,2,4,2399312,43,1
2691,43338,1,2,380072,40,5
2692,43338,4,3,354853,35,1
2693,43338,6,3,1981440,32,3
2694,43339,6,1,2200452,23,3
2695,43339,4,2,1695948,34,3
2696,43339,4,3,2080290,19,7
2697,43340,3,4,2977318,10,8
2698,43341,2,4,403770,27,6
2699,43341,6,3,634130,30,7
2700,43342,6,2,1025491,37,5
2701,43343,4,2,1191610,12,7
2702,43343,5,3,1553772,36,6
2703,43344,4,4,2534241,1,3
2704,43344,4,4,1556282,10,9
2705,43344,4,3,613251,17,8
2706,43344,2,1,1176480,21,10
2707,43345,6,3,351492,21,3
2708,43345,2,2,2326346,30,7
2709,43346,4,2,1643568,42,1
2710,43346,6,2,2445724,20,1
2711,43347,1,2,2153580,6,1
2712,43347,4,3,348823,10,1
2713,43347,3,2,1994933,2,4
2714,43347,5,2,478431,43,3
2715,43347,1,1,1110907,6,4
2716,43347,2,1,2076480,35,1
2717,43348,4,3,407114,2,3
2718,43348,3,3,1349705,30,1
2719,43348,6,1,770552,29,4
2720,43349,4,1,918380,31,7
2721,43349,1,3,256992,41,9
2722,43350,1,4,2180939,49,6
2723,43350,3,1,680606,47,3
2724,43350,1,1,874256,25,2
2725,43350,3,3,1299315,44,6
2726,43351,6,3,545100,19,5
2727,43351,2,3,1580790,20,8
2728,43352,5,1,591325,29,7
2729,43352,3,1,920490,43,1
2730,43353,1,4,583236,42,2
2731,43353,6,4,2885316,9,1
2732,43354,3,1,1239525,33,4
2733,43354,6,3,482274,14,3
2734,43355,2,2,1967242,20,7
2735,43355,3,1,1057755,25,7
2736,43356,4,1,1956864,46,5
2737,43356,3,4,604440,3,2
2738,43356,1,1,535408,3,10
2739,43357,3,3,779058,18,7
2740,43358,3,1,2297985,44,8
2741,43359,5,4,672192,25,5
2742,43359,4,1,1298752,32,7
2743,43359,6,3,578688,43,9
2744,43359,5,3,1728230,29,3
2745,43359,3,4,1040252,46,7
2746,43360,4,4,1134984,28,10
2747,43360,4,3,2066688,36,4
2748,43360,5,3,579348,12,2
2749,43361,4,1,1326135,16,1
2750,43361,1,1,2121278,5,3
2751,43361,5,4,1262196,17,4
2752,43362,2,2,2242839,17,5
2753,43362,4,1,1317210,14,1
2754,43363,6,4,2001266,45,6
2755,43363,3,2,1088616,30,10
2756,43363,3,2,1475172,44,3
2757,43365,3,3,958608,26,3
2758,43365,6,1,458346,31,5
2759,43365,4,1,185976,45,8
2760,43365,6,4,641080,44,5
2761,43366,4,3,375067,2,10
2762,43367,2,3,1819875,36,5
2763,43367,3,1,1345545,13,10
2764,43368,4,1,976885,11,6
2765,43368,4,1,1094225,37,2
2766,43368,4,2,1519214,26,3
2767,43369,5,4,1734264,32,2
2768,43369,4,4,1536906,7,8
2769,43370,4,2,1194078,16,8
2770,43370,6,2,2291404,39,3
2771,43372,5,2,496881,16,1
2772,43372,2,2,372672,21,1
2773,43372,6,4,1536212,22,10
2774,43372,4,2,1780199,30,2
2775,43373,2,4,1484544,15,2
2776,43374,6,2,2381770,46,9
2777,43374,5,3,2072632,15,6
2778,43374,6,1,949025,21,3
2779,43374,4,2,1658785,35,8
2780,43375,5,2,1242498,9,6
2781,43375,4,3,724090,45,5
2782,43375,5,4,896532,18,4
2783,43376,2,3,985883,2,2
2784,43376,3,4,2008176,34,8
2785,43377,4,2,288966,45,9
2786,43377,4,3,1015015,44,1
2787,43377,4,3,1211427,21,10
2788,43378,6,4,552476,20,7
2789,43378,4,2,777240,12,2
2790,43378,5,2,1565620,7,9
2791,43378,6,4,914463,34,9
2792,43378,2,1,1770503,10,9
2793,43379,4,2,1370500,21,4
2794,43379,4,2,360582,14,5
2795,43379,2,1,2327080,38,2
2796,43379,2,4,1345213,7,7
2797,43380,1,1,2096050,32,4
2798,43380,3,3,1028988,20,3
2799,43381,3,4,1319336,41,9
2800,43381,7,4,2108128,17,3
2801,43383,4,3,1794366,27,9
2802,43383,3,1,594880,37,1
2803,43383,1,3,2429752,15,9
2804,43383,4,1,762606,37,10
2805,43383,2,2,1923558,40,6
2806,43383,3,3,2621925,5,8
2807,43384,6,4,1066527,22,9
2808,43384,4,3,2560527,41,5
2809,43385,1,2,1659742,24,7
2810,43385,5,1,695789,29,5
2811,43386,3,1,1480500,33,1
2812,43386,2,3,839630,36,10
2813,43387,5,4,1905300,34,3
2814,43387,4,4,544896,23,9
2815,43387,2,2,1405465,38,2
2816,43388,5,4,538568,47,10
2817,43388,2,3,1573514,10,4
2818,43388,4,3,224928,45,4
2819,43388,3,3,1438866,46,2
2820,43389,2,1,817156,4,3
2821,43389,4,1,1215554,27,4
2822,43391,2,3,961368,35,8
2823,43391,2,1,1162624,37,1
2824,43392,1,2,1210496,17,3
2825,43392,4,1,2669425,45,9
2826,43393,5,4,1250172,14,6
2827,43393,3,1,1300360,11,6
2828,43393,1,3,1513765,19,7
2829,43393,2,2,1766310,6,6
2830,43394,4,3,1469446,16,6
2831,43394,1,3,1318707,33,7
2832,43394,3,2,1126944,38,3
2833,43395,1,1,931463,16,5
2834,43395,6,3,1661760,24,7
2835,43396,2,1,1956068,37,6
2836,43396,6,1,529137,27,3
2837,43396,5,2,466850,8,8
2838,43396,5,2,379291,29,9
2839,43396,2,4,506256,25,9
2840,43398,4,3,1107301,39,8
2841,43399,5,4,1167020,12,2
2842,43399,4,2,1041625,27,4
2843,43399,4,1,1240925,27,5
2844,43399,4,2,660577,49,2
2845,43399,5,2,1843361,17,6
2846,43399,6,3,887328,41,7
2847,43400,1,1,416997,31,3
2848,43400,4,3,455499,10,9
2849,43401,6,2,1940565,19,3
2850,43401,1,4,1638750,8,9
2851,43401,3,2,2267622,42,7
2852,43402,2,3,567611,15,7
2853,43402,6,3,2292160,23,1
2854,43403,4,2,1105230,4,6
2855,43403,3,1,400816,43,4
2856,43403,4,2,821889,23,9
2857,43404,4,4,2569923,15,7
2858,43404,1,1,963459,24,8
2859,43404,1,1,763938,45,10
2860,43404,1,1,294722,10,8
2861,43404,4,4,354084,20,9
2862,43404,1,2,1623600,46,10
2863,43404,5,2,637103,41,1
2864,43405,3,1,1186380,42,6
2865,43405,2,2,1704050,45,9
2866,43405,6,1,1427004,18,5
2867,43406,5,1,1269008,46,3
2868,43406,3,1,1270256,30,3
2869,43406,5,4,480600,22,4
2870,43406,4,4,1357648,16,9
2871,43406,5,1,2345364,47,9
2872,43407,1,1,1516293,19,7
2873,43408,5,4,1262624,39,5
2874,43408,3,2,342705,38,2
2875,43408,2,2,1607710,5,2
2876,43408,4,2,722013,33,10
2877,43409,2,4,799356,11,9
2878,43409,1,2,950832,12,5
2879,43409,3,1,1355805,34,10
2880,43410,1,1,1767345,14,6
2881,43410,2,2,815467,22,4
2882,43410,6,3,238975,9,8
2883,43410,4,4,407610,45,5
2884,43410,6,1,2565285,40,8
2885,43410,5,1,1414140,15,1
2886,43411,4,2,850029,16,10
2887,43411,2,2,265289,25,10
2888,43412,2,4,1197390,39,9
2889,43412,6,1,1071515,22,4
2890,43413,5,4,449064,42,2
2891,43413,4,1,936672,25,2
2892,43414,5,4,2517034,19,2
2893,43414,1,1,1464192,24,9
2894,43414,3,1,934200,42,4
2895,43415,4,3,1014196,22,8
2896,43415,3,1,979056,47,8
2897,43417,6,2,1058832,2,5
2898,43418,4,3,1771492,28,4
2899,43418,5,2,1045905,7,4
2900,43419,4,2,344811,24,10
2901,43419,4,3,598290,32,4
2902,43420,1,2,563760,16,8
2903,43420,6,4,1370911,44,4
2904,43421,5,2,1454836,41,10
2905,43421,4,3,1239672,47,10
2906,43421,5,1,720278,4,9
2907,43422,6,3,879366,26,9
2908,43423,2,1,669056,33,5
2909,43423,2,3,2081868,45,7
2910,43424,4,3,1166375,47,3
2911,43424,6,1,1234032,6,2
2912,43425,2,1,2102174,33,1
2913,43425,1,4,1008176,41,4
2914,43425,5,3,282405,21,9
2915,43425,1,4,1635030,1,3
2916,43425,4,3,1185536,40,1
2917,43427,2,1,1820285,13,9
2918,43428,4,4,1045233,24,2
2919,43428,1,1,327271,5,3
2920,43428,3,2,831204,39,3
2921,43428,4,2,360822,4,7
2922,43428,4,3,288360,4,5
2923,43429,4,3,519365,14,7
2924,43429,2,3,890925,45,4
2925,43429,4,4,367206,9,10
2926,43429,4,3,1165649,37,4
2927,43429,3,1,1095786,45,8
2928,43430,3,1,1467360,13,10
2929,43430,4,1,1239700,23,5
2930,43430,1,2,643290,24,4
2931,43430,2,4,1847590,21,8
2932,43431,6,1,707350,1,9
2933,43431,1,2,353628,24,7
2934,43431,4,4,1752093,44,3
2935,43431,3,1,1169088,47,8
2936,43431,4,4,883446,33,3
2937,43432,6,2,905600,13,7
2938,43433,3,3,1078668,5,4
2939,43433,1,4,1274218,3,2
2940,43433,2,4,789976,41,1
2941,43434,6,4,2474220,2,9
2942,43434,4,1,684110,19,2
2943,43435,6,4,2198403,29,6
2944,43435,5,2,1130424,20,2
2945,43436,4,2,693543,30,3
2946,43436,6,1,1323280,4,3
2947,43437,4,4,1367100,45,1
2948,43437,4,2,1186524,5,3
2949,43438,5,1,450336,41,6
2950,43438,5,3,1270908,25,5
2951,43438,1,3,1045317,6,10
2952,43438,4,1,2133204,3,2
2953,43438,4,2,1528088,25,6
2954,43439,2,4,1255595,20,7
2955,43439,6,1,774144,44,3
2956,43439,5,2,432411,35,2
2957,43440,6,3,258030,26,1
2958,43440,4,2,1059956,38,10
2959,43440,4,1,888335,32,9
2960,43441,5,2,575640,4,7
2961,43441,2,3,2170622,37,9
2962,43442,3,1,1696149,12,7
2963,43442,6,3,1077196,45,1
2964,43442,2,3,1246058,4,8
2965,43442,2,4,752896,25,5
2966,43443,1,4,679140,15,1
2967,43443,4,4,305128,4,4
2968,43444,5,1,1094940,31,3
2969,43444,5,2,703159,17,10
2970,43445,2,4,1385200,27,9
2971,43445,5,4,2797092,32,3
2972,43446,4,3,1185790,31,4
2973,43446,4,4,1295914,30,3
2974,43446,6,2,1559800,6,8
2975,43446,2,3,1482068,47,10
2976,43447,5,3,249072,4,8
2977,43447,2,1,1957960,37,1
2978,43447,6,3,1377210,1,4
2979,43447,4,2,1147144,32,2
2980,43448,4,4,1957200,10,10
2981,43448,6,4,1421056,32,4
2982,43448,3,4,339192,16,10
2983,43449,5,2,670310,20,2
2984,43449,4,3,910563,22,6
2985,43450,1,4,1407200,20,3
2986,43450,4,4,2244066,46,7
2987,43450,6,3,1408680,34,4
2988,43451,6,3,1492656,11,10
2989,43451,2,2,1079670,47,6
2990,43451,4,4,247584,2,2
2991,43452,1,4,562394,14,2
2992,43452,1,1,776245,33,2
2993,43453,4,4,835600,10,7
2994,43454,6,3,1794927,27,4
2995,43454,1,4,1997436,27,6
2996,43454,1,1,1844190,3,6
2997,43455,4,3,903960,42,10
2998,43455,6,2,789738,45,6
2999,43455,4,4,1403631,8,4
3000,43455,2,3,1112631,46,7
3001,43456,2,1,1993446,27,1
3002,43456,4,2,2041006,14,10
3003,43456,5,2,709760,25,3
3004,43457,4,2,2086368,24,10
3005,43457,4,2,651360,10,4
3006,43457,4,2,913449,43,2
3007,43457,4,2,2673000,14,5
3008,43458,6,2,1882433,8,4
3009,43458,3,3,645250,17,6
3010,43459,4,2,1751124,46,9
3011,43459,2,3,1646624,9,5
3012,43459,1,1,1295840,9,6
3013,43460,3,4,1245165,43,3
3014,43461,4,1,1309365,41,8
3015,43461,5,1,333312,34,3
3016,43461,5,3,667520,45,5
3017,43461,4,4,1060488,4,2
3018,43462,3,1,483828,19,8
3019,43462,6,3,478272,26,4
3020,43462,1,2,1399264,47,4
3021,43463,5,2,1321161,34,5
3022,43463,1,4,906830,40,1
3023,43464,5,1,592030,31,7
3024,43464,5,3,1725087,43,7
3025,43466,3,1,2662784,26,2
3026,43466,2,1,821748,40,10
3027,43467,2,1,1335499,38,9
3028,43468,1,2,2398617,7,7
3029,43468,3,1,486416,15,8
3030,43469,4,2,429730,49,6
3031,43469,5,1,904344,49,8
3032,43470,4,3,643200,47,2
3033,43470,5,2,571676,28,7
3034,43470,4,1,885960,44,9
3035,43470,4,1,1520119,38,2
3036,43471,4,3,1895036,24,1
3037,43471,3,4,1022140,8,4
3038,43471,4,3,862634,21,8
3039,43471,4,4,1156990,24,10
3040,43471,4,1,1108128,25,2
3041,43471,3,3,713250,1,6
3042,43471,1,4,610816,2,1
3043,43471,2,1,709596,32,6
3044,43471,3,1,1635413,20,4
3045,43472,6,4,1296258,14,4
3046,43472,1,4,1077858,34,3
3047,43472,3,4,1880032,31,4
3048,43472,2,1,1934080,47,3
3049,43472,4,2,269724,2,4
3050,43473,3,4,440500,11,10
3051,43473,4,4,1369333,24,5
3052,43473,2,2,1965472,9,3
3053,43474,6,2,1425488,43,2
3054,43474,4,1,896800,15,9
3055,43474,6,3,2204352,38,2
3056,43475,6,4,511700,32,4
3057,43475,4,4,1578675,8,1
3058,43475,6,1,730452,25,9
3059,43476,4,1,2797050,33,4
3060,43476,4,4,2427311,20,4
3061,43476,6,2,932292,29,1
3062,43476,5,3,373240,32,3
3063,43477,1,4,537825,43,5
3064,43477,6,4,761520,14,8
3065,43477,1,3,1486030,11,4
3066,43477,6,2,968243,45,4
3067,43478,6,4,1856000,12,6
3068,43479,4,4,814380,49,4
3069,43479,5,3,1230684,9,8
3070,43480,1,2,1857735,2,6
3071,43480,2,3,1360268,8,7
3072,43480,4,2,2291421,8,1
3073,43481,4,3,1598664,28,1
3074,43482,3,4,885969,27,8
3075,43482,5,2,485240,34,8
3076,43482,1,3,2143368,29,7
3077,43482,5,1,1570624,12,4
3078,43482,5,4,1517889,9,1
3079,43483,2,2,1047917,27,4
3080,43483,2,2,393736,26,8
3081,43483,6,3,1491920,40,2
3082,43483,1,4,1420132,10,6
3083,43484,6,2,1511944,25,5
3084,43485,5,2,569098,17,1
3085,43485,2,4,784080,4,7
3086,43485,4,3,657270,26,10
3087,43485,1,1,268332,9,4
3088,43485,2,1,1677492,10,9
3089,43485,5,2,1494204,38,3
3090,43486,2,3,2321325,6,6
3091,43487,4,3,1896340,41,6
3092,43488,1,4,1788885,8,4
3093,43488,5,3,1554336,49,3
3094,43488,4,3,1086478,13,6
3095,43489,2,2,302100,45,4
3096,43489,5,1,2189122,12,10
3097,43490,6,3,1014928,30,1
3098,43491,5,4,381254,12,1
3099,43491,3,4,2563064,38,10
3100,43491,1,4,1445090,20,8
3101,43491,3,1,2148783,41,4
3102,43492,5,1,1295712,41,9
3103,43493,4,4,921827,15,5
3104,43493,4,3,915936,36,5
3105,43494,6,3,659808,26,1
3106,43494,5,2,1636700,14,1
3107,43494,4,2,997776,14,9
3108,43494,2,2,1065995,36,6
3109,43495,4,3,599604,20,1
3110,43495,1,2,301346,6,9
3111,43495,3,4,860676,25,10
3112,43495,4,4,684356,47,10
3113,43496,6,4,1005648,17,7
3114,43496,4,4,1045486,28,5
3115,43496,1,1,1528906,25,1
3116,43497,3,1,285136,10,1
3117,43497,4,2,1431040,26,9
3118,43498,6,3,2449082,17,10
3119,43499,5,4,952929,10,1
3120,43499,4,1,1746420,1,6
3121,43499,1,3,2658076,30,2
3122,43499,5,4,496020,18,2
3123,43501,1,3,185010,37,9
3124,43502,1,2,2154096,43,5
3125,43503,6,4,688058,40,9
3126,43503,3,3,2902284,27,6
3127,43503,5,1,523802,19,10
3128,43503,2,1,1817442,10,1
3129,43504,5,2,1050664,36,4
3130,43504,1,3,443362,47,9
3131,43504,4,1,839913,8,7
3132,43504,1,4,521910,42,7
3133,43505,4,4,519023,34,10
3134,43505,2,3,1468740,26,5
3135,43505,2,1,1048714,13,4
3136,43505,2,4,417626,8,1
3137,43506,4,2,268488,2,5
3138,43507,2,3,1108604,46,9
3139,43508,3,3,2357240,41,3
3140,43508,5,2,1248072,41,6
3141,43509,5,2,1708434,8,7
3142,43509,5,1,802393,22,5
3143,43510,6,2,979183,36,3
3144,43510,5,2,1978848,46,4
3145,43510,3,2,1789866,12,7
3146,43511,3,2,1568610,29,6
3147,43511,5,2,1325730,27,4
3148,43511,5,3,1855770,25,8
3149,43511,6,2,324648,16,6
3150,43512,4,3,1158894,3,9
3151,43512,3,2,293303,45,9
3152,43512,4,4,260775,14,6
3153,43512,4,2,1040635,29,7
3154,43513,4,4,1527516,6,6
3155,43513,5,1,590785,19,1
3156,43514,6,1,858714,42,2
3157,43515,2,4,435670,49,6
3158,43515,2,4,1127274,29,10
3159,43515,3,3,305945,17,10
3160,43515,5,1,992698,37,9
3161,43516,1,1,648092,1,4
3162,43516,5,4,2186658,19,5
3163,43516,2,2,973206,47,1
3164,43516,4,3,1175040,47,8
3165,43517,2,1,1433796,23,8
3166,43517,4,4,348696,17,4
3167,43518,2,1,738700,40,9
3168,43518,1,1,1374975,11,8
3169,43519,5,1,2066100,11,9
3170,43519,4,1,1576848,27,4
3171,43519,3,2,684588,46,4
3172,43519,4,2,1478573,21,4
3173,43520,4,4,1395837,32,1
3174,43520,6,2,520384,19,3
3175,43520,2,3,1780812,45,6
3176,43520,2,2,825759,36,4
3177,43521,6,2,801408,16,5
3178,43521,4,3,1028074,38,7
3179,43522,1,3,904935,38,4
3180,43522,6,2,1615068,45,5
3181,43524,6,2,957453,4,7
3182,43524,4,1,1587768,16,5
3183,43524,3,3,606279,2,4
3184,43524,6,4,2233602,31,4
3185,43524,5,4,1913624,31,7
3186,43525,5,1,1583686,30,7
3187,43525,6,2,1420020,45,9
3188,43525,6,3,311090,25,7
3189,43525,5,3,732028,45,2
3190,43526,1,4,1324008,19,8
3191,43526,2,3,1057310,3,9
3192,43526,6,4,2439640,33,9
3193,43528,5,2,2019120,42,6
3194,43528,1,4,397606,19,9
3195,43528,4,1,1109075,27,10
3196,43528,4,2,2075632,5,9
3197,43528,1,1,2262708,21,6
3198,43529,6,2,1684340,40,1
3199,43529,3,3,1859220,41,9
3200,43529,4,3,181192,30,3
3201,43530,1,2,849462,43,8
3202,43530,3,4,1360966,19,4
3203,43530,4,3,1694763,15,7
3204,43530,1,1,350872,1,5
3205,43531,4,2,870837,10,8
3206,43532,1,1,1622790,22,9
3207,43532,3,1,1195474,3,8
3208,43532,1,3,1083261,23,8
3209,43533,4,1,918722,13,2
3210,43533,2,3,997968,45,7
3211,43533,2,2,601306,45,8
3212,43534,2,1,425173,17,1
3213,43535,4,4,503871,26,3
3214,43535,4,3,1607588,38,10
3215,43535,5,3,522912,23,8
3216,43535,4,1,319347,45,5
3217,43535,5,2,1020257,33,9
3218,43535,6,3,812913,18,10
3219,43536,3,4,905920,43,3
3220,43536,3,1,905532,21,6
3221,43537,2,1,1134840,22,4
3222,43537,1,2,1034034,47,4
3223,43537,5,1,949060,23,1
3224,43537,5,1,1242624,12,3
3225,43537,7,3,1456487,10,5
3226,43537,2,3,1128390,43,2
3227,43538,4,3,720576,6,2
3228,43538,6,3,325420,23,3
3229,43538,2,3,1194342,12,3
3230,43538,4,4,476784,7,3
3231,43539,3,4,520672,44,4
3232,43539,5,3,306020,1,10
3233,43540,3,4,713680,36,4
3234,43540,5,2,763983,30,4
3235,43540,3,3,347776,34,8
3236,43541,4,2,2765240,45,5
3237,43541,3,1,470118,22,4
3238,43541,4,1,726264,3,7
3239,43541,2,4,1056714,43,7
3240,43542,3,3,774792,31,9
3241,43542,5,3,555013,23,7
3242,43542,4,4,586920,19,4
3243,43543,4,2,1096470,47,9
3244,43543,6,1,1364690,6,7
3245,43543,5,4,1800729,2,7
3246,43544,1,4,1035648,26,1
3247,43544,3,4,940310,2,6
3248,43544,6,4,1298025,27,10
3249,43544,4,3,192290,31,9
3250,43544,4,3,1202811,22,7
3251,43545,1,2,366780,1,8
3252,43545,2,1,1966615,31,6
3253,43545,4,2,1389072,46,8
3254,43546,7,2,495093,5,6
3255,43547,3,2,1194726,49,8
3256,43547,6,2,2010960,34,1
3257,43547,4,2,912256,7,2
3258,43548,2,4,777868,3,2
3259,43548,5,1,1114746,42,6
3260,43548,4,1,1028676,32,1
3261,43548,5,1,1674794,35,5
3262,43549,4,3,1608903,38,9
3263,43550,4,4,1630569,2,1
3264,43550,2,3,1475952,31,4
3265,43551,1,2,393057,23,7
3266,43551,4,3,1925935,22,3
3267,43552,4,4,1682346,41,9
3268,43553,5,4,2908500,43,10
3269,43553,4,3,1178610,28,3
3270,43553,4,3,622909,9,6
3271,43554,1,3,1056839,37,1
3272,43554,3,3,1656364,6,7
3273,43554,2,2,739872,24,9
3274,43554,2,1,898209,16,5
3275,43555,4,4,417564,9,1
3276,43555,3,2,591004,1,6
3277,43556,1,1,1802156,40,3
3278,43557,3,4,725474,6,6
3279,43557,3,1,845640,15,4
3280,43558,5,3,761536,41,9
3281,43558,4,2,2336340,19,7
3282,43558,1,4,1296900,44,8
3283,43559,3,2,2384334,5,7
3284,43559,2,1,1517292,38,3
3285,43559,4,3,631057,33,6
3286,43559,4,4,2490587,4,4
3287,43560,1,3,443460,7,7
3288,43561,2,4,2065357,45,7
3289,43561,1,1,2914416,13,8
3290,43561,5,1,1147000,9,7
3291,43562,6,1,1567834,7,9
3292,43562,3,3,787400,23,1
3293,43562,2,2,1028159,39,7
3294,43562,6,2,818176,17,4
3295,43563,1,2,1088181,38,3
3296,43563,5,4,414829,24,3
3297,43563,4,1,1497132,5,6
3298,43564,4,3,2689434,28,1
3299,43564,1,2,1224850,42,5
3300,43564,2,2,881868,17,7
3301,43564,5,1,448065,41,9
3302,43564,5,3,2179125,46,8
3303,43564,2,4,916229,10,1
3304,43564,6,2,1270400,11,3
3305,43565,5,3,1026508,9,6
3306,43566,2,1,1760000,33,5
3307,43566,1,2,1533077,34,4
3308,43568,2,3,1180036,27,6
3309,43568,6,3,760620,39,9
3310,43568,1,3,825430,15,5
3311,43569,4,3,830830,2,9
3312,43569,5,3,2129576,27,4
3313,43570,1,3,1297780,21,6
3314,43570,4,4,1808512,45,7
3315,43570,5,3,1386892,23,2
3316,43571,3,4,1063902,10,2
3317,43572,4,2,1804088,9,7
3318,43573,3,1,394250,47,5
3319,43573,5,3,540018,8,5
3320,43574,3,3,293172,27,10
3321,43575,1,4,607014,14,8
3322,43575,2,4,180048,37,10
3323,43575,6,4,2686236,19,8
3324,43576,3,4,807432,2,3
3325,43576,3,3,463424,9,7
3326,43577,5,4,2078216,34,2
3327,43577,4,4,999005,29,8
3328,43578,4,1,355135,37,10
3329,43578,6,4,2517504,3,10
3330,43579,1,4,612568,10,8
3331,43579,2,2,845790,36,5
3332,43581,3,1,1031320,31,2
3333,43581,5,1,1450644,4,4
3334,43581,6,2,454080,19,1
3335,43582,4,3,740688,31,1
3336,43582,6,4,397408,44,4
3337,43582,1,1,2140712,4,8